MedInc,HouseAge,AveRooms,AveBedrms,Population,AveOccup,Latitude,Longitude,HousePrice
4.7754,47.2,5.76,1.5,1149,2.17,37.329,-120.4797,4.6278
3.4366,41.8,5.53,1.49,887,3.54,32.7278,-123.4761,3.6844
3.2627,41.7,4.39,1.31,1857,3.47,35.4737,-120.3496,2.9849
3.2628,26.5,5.64,1.42,2312,2.46,40.2887,-118.1779,2.8432
7.8994,23.7,9.06,2.17,1970,2.54,37.7624,-119.0607,5.0
5.4517,19.2,7.13,2.03,248,2.72,36.7805,-117.2157,4.509
2.8654,8.1,4.14,1.13,459,1.65,35.2125,-123.7341,2.904
4.8853,15.7,6.22,1.5,1123,3.2,35.3314,-121.3977,4.2983
4.198,16.6,4.48,1.3,3477,2.84,36.1395,-115.9438,2.6309
1.2244,27.8,4.19,1.45,2362,3.58,40.4379,-123.4851,1.8595
2.0973,40.1,4.62,1.39,2418,2.34,41.6885,-115.574,2.1555
4.3561,27.3,4.12,1.25,634,2.63,36.6672,-123.3627,3.6064
7.517,7.7,6.58,1.82,873,2.1,36.2369,-115.7886,4.4968
3.2776,50.0,4.74,1.19,963,2.4,40.5422,-120.62,3.3378
2.7474,49.3,4.41,1.46,405,2.29,36.5556,-118.0555,3.2596
3.9223,41.9,4.39,1.43,238,3.6,37.7442,-122.7406,3.9048
2.6614,51.6,4.91,1.42,3723,2.58,34.6939,-123.6251,2.5343
3.1618,30.6,5.1,1.67,530,3.07,39.5633,-122.0974,2.8528
3.6736,50.3,5.05,1.34,529,2.77,37.5539,-122.9959,3.8701
2.0426,8.6,3.62,1.39,304,2.24,40.1858,-121.1135,2.014
5.5976,22.2,7.2,1.96,3366,2.9,39.917,-119.0533,3.6988
1.8543,15.6,5.44,1.54,1240,3.36,34.5425,-118.2947,2.4378
1.7392,14.2,3.66,1.23,1520,2.28,39.2985,-116.2433,1.5052
4.1015,11.6,4.97,1.48,3111,3.49,40.1005,-117.6064,2.8737
5.3762,34.3,6.62,2.01,709,2.49,35.788,-118.0907,4.0907
4.0477,41.7,5.14,1.37,1366,2.71,34.1398,-120.0998,3.2481
3.4787,32.2,4.98,1.38,247,3.32,32.525,-119.4672,3.2737
3.1455,11.9,5.48,1.75,448,2.6,36.7836,-120.0719,2.5062
2.8796,43.1,3.2,1.05,2335,3.02,35.8481,-115.7099,3.2034
6.2507,34.9,7.81,2.2,1947,2.81,37.7716,-121.954,4.5119
4.378,23.2,5.68,1.89,718,3.08,34.2864,-124.2416,3.6881
3.0032,36.7,4.47,1.33,767,1.57,40.6668,-117.6565,3.2586
2.5484,17.2,4.46,1.49,1115,1.9,34.9487,-122.2349,2.2885
5.0545,21.2,6.0,1.53,200,3.37,34.6511,-115.2208,2.7672
6.1753,48.1,5.32,1.68,531,3.62,37.0668,-115.5377,4.4654
5.8938,18.7,7.73,2.08,480,2.45,37.2391,-123.5174,4.2678
2.3211,27.1,4.43,1.46,546,2.85,34.5433,-123.2148,2.7492
3.1315,46.8,5.23,1.45,2167,3.18,35.0827,-119.2492,3.0234
2.8499,38.3,5.47,1.35,594,3.42,34.1122,-118.0859,2.697
3.3498,7.9,4.19,1.41,455,1.78,39.3254,-121.4959,3.4744
5.5709,11.9,6.72,1.53,1042,2.47,39.8158,-116.9887,3.2807
7.1613,5.4,7.08,1.87,2609,2.8,36.8921,-118.2319,4.5689
4.4623,34.7,6.35,1.91,531,3.42,39.2838,-120.9868,3.5034
2.595,26.0,2.86,1.1,298,4.5,39.4914,-124.0412,2.4915
3.6303,11.3,5.1,1.81,729,2.86,33.8136,-116.6485,2.5773
7.8496,50.0,7.23,2.1,1852,2.16,41.6787,-122.1095,5.0
3.8736,29.9,5.67,1.54,1160,3.24,40.2998,-115.7884,3.4089
3.1491,16.4,5.27,1.56,2237,3.79,34.4426,-120.013,3.1211
3.2885,28.5,4.41,1.37,4050,3.06,34.2686,-118.4138,2.9217
4.452,36.9,5.1,1.28,2088,2.46,33.6938,-115.3959,3.4299
2.3628,8.6,4.33,1.22,1311,3.57,33.8146,-115.491,1.6628
2.814,17.9,3.97,1.21,1016,3.4,39.6075,-120.5105,2.7699
5.8499,42.9,7.18,1.63,249,2.38,36.9617,-122.1693,5.0
4.3884,26.6,5.34,1.57,5187,3.23,39.9379,-116.3935,3.1449
3.894,30.7,3.01,1.06,780,3.6,39.5894,-119.8826,3.0106
5.9982,25.3,6.3,1.51,398,3.71,38.2438,-122.3412,4.0403
2.512,7.1,3.68,1.3,1518,2.96,39.0205,-115.0749,1.9329
3.0999,12.8,3.55,1.32,601,2.79,32.6744,-122.2793,1.5799
4.3161,25.9,4.6,1.45,1258,3.74,35.4619,-124.0368,3.5246
4.2393,14.8,5.63,1.58,1260,2.27,38.5593,-124.0931,3.0865
1.6506,7.3,5.05,1.6,908,3.26,32.5888,-117.9524,1.2358
2.9445,44.7,5.02,1.61,2370,2.18,32.8133,-117.5509,3.1694
3.3942,51.1,4.55,1.46,569,3.64,40.5929,-121.1274,3.0236
4.5589,42.3,6.1,1.6,914,2.85,38.9982,-121.0359,3.7475
4.2317,45.1,5.17,1.58,1126,3.76,35.021,-120.8372,4.085
3.5563,16.4,4.58,1.59,1507,3.29,39.0356,-117.3624,2.3022
1.2204,50.1,2.81,0.97,2039,2.27,40.0283,-123.707,1.9148
3.6483,14.3,3.79,1.57,803,3.85,35.4145,-114.823,2.6775
3.8195,49.7,4.98,1.42,1446,3.93,32.8424,-122.0303,3.8414
11.3607,51.8,9.94,2.49,396,3.53,41.3614,-114.1033,5.0
3.3377,38.5,4.93,1.38,3437,2.54,35.7792,-122.5505,3.2977
4.328,51.1,5.26,1.59,780,2.82,33.5116,-116.4302,3.7945
6.5025,31.8,6.14,1.47,1769,3.09,37.1726,-122.0212,3.7803
5.4112,17.2,6.73,1.76,225,2.58,39.8004,-123.4754,4.2833
7.3112,25.5,6.33,1.6,476,4.02,34.6056,-115.3757,4.8003
1.664,32.9,4.62,1.44,1001,3.09,35.0602,-115.5407,2.0345
2.125,8.4,3.47,1.34,2727,1.38,34.8058,-120.1836,2.49
2.7136,34.3,4.03,1.4,1099,3.2,41.9209,-117.1356,3.1356
1.5217,51.1,2.74,0.8,3389,2.79,34.3753,-118.6179,2.3177
3.8362,13.9,4.9,1.79,994,2.96,37.9674,-115.5998,2.6842
2.2153,42.3,5.11,1.57,1009,2.78,41.29,-121.0864,2.5112
7.7995,47.7,8.09,2.0,353,3.48,33.8955,-118.9585,5.0
2.3975,49.4,5.22,1.57,2147,3.67,41.7231,-119.3492,3.1411
3.1095,50.1,5.28,1.58,540,3.17,41.501,-120.6902,3.2311
5.5735,29.5,5.46,1.49,2958,2.8,40.9034,-115.2072,3.1099
1.8433,50.9,3.84,1.3,3101,2.98,34.5383,-122.608,3.0426
1.4705,40.6,3.26,1.06,3644,3.01,38.5235,-122.775,2.3911
4.0756,12.6,6.51,1.74,1081,2.52,39.7285,-118.4155,3.0563
4.2368,27.4,4.58,1.31,1556,3.35,41.8673,-117.5936,3.6219
5.4896,38.8,7.01,1.69,2009,3.28,34.214,-122.3149,4.7095
4.8356,16.6,6.62,1.85,369,3.92,39.7772,-120.3147,2.6073
4.318,35.1,7.05,2.0,1302,3.75,35.7186,-114.645,3.5641
2.5438,36.3,4.2,1.42,242,2.59,34.1685,-121.7845,2.2376
4.177,12.6,6.08,1.84,1026,3.49,36.5031,-117.4827,3.2373
4.3093,31.6,7.41,2.03,402,2.43,40.0414,-116.7505,3.6475
2.4944,41.3,4.0,1.22,442,3.42,36.9161,-119.7291,2.9629
8.9254,28.4,7.13,2.05,745,2.69,37.6065,-114.7372,5.0
4.7212,5.6,4.33,1.16,880,2.39,41.954,-116.7861,2.5586
2.1448,5.4,4.86,1.34,1371,3.17,36.2915,-119.6292,1.9369
5.5034,21.8,4.8,1.31,293,1.4,38.3463,-118.4928,3.9885
5.9834,48.5,6.29,1.92,1041,1.95,35.9698,-117.2353,4.7714
4.579,15.7,6.1,1.86,442,2.89,36.2315,-118.2597,2.9218
3.2428,34.8,5.09,1.59,1224,3.05,39.1086,-115.3373,3.2974
2.4386,15.4,4.8,1.62,1417,2.78,41.4099,-120.6597,2.2707
3.5513,20.1,5.31,1.43,1176,2.05,37.6524,-121.2412,3.188
4.4162,44.9,6.67,1.89,1809,2.51,39.7998,-122.1188,3.7417
3.7255,39.3,4.47,1.38,691,3.23,33.3475,-123.9146,3.3776
7.477,9.5,6.94,2.02,1938,3.35,34.506,-123.8613,4.9128
5.0893,25.1,5.44,1.57,880,2.99,37.2703,-115.4254,3.1426
2.2971,6.4,5.04,1.45,994,3.69,32.6901,-117.3804,1.7908
2.0268,27.6,4.94,1.57,1453,3.24,34.9021,-117.5626,2.3428
4.7416,36.1,6.21,1.87,222,2.55,37.4153,-118.0306,4.5896
3.2818,10.6,5.92,1.58,1474,2.83,32.6421,-115.638,2.2381
5.313,18.6,5.25,1.54,1357,2.16,35.0132,-119.4013,4.3656
4.7198,23.7,7.17,1.77,645,2.94,37.3833,-115.4218,4.2339
3.5594,48.2,6.35,1.4,308,3.67,37.9449,-120.6337,3.4778
2.3109,51.7,4.98,1.53,314,3.41,41.2946,-114.8476,2.7218
1.5548,7.1,5.36,1.66,3280,3.84,38.6308,-117.1737,1.5616
4.1381,40.8,4.16,1.37,1603,2.82,36.44,-121.6768,3.454
1.827,22.5,3.68,0.94,363,3.81,41.3383,-118.5463,1.7126
2.2617,23.4,3.77,1.2,729,2.88,39.9564,-118.8631,2.3814
4.0108,40.5,5.98,1.36,1277,3.88,34.4001,-122.8934,4.0496
3.8154,48.2,4.45,1.6,2366,2.99,33.743,-118.2693,3.0734
1.9422,49.7,4.77,1.29,254,3.42,38.9202,-121.0892,2.693
6.3261,32.1,7.89,2.27,524,3.89,37.8189,-123.766,3.9949
6.2411,21.8,7.3,2.1,2846,2.88,40.0019,-114.6237,4.2544
4.8191,42.0,6.12,1.59,211,3.13,39.5186,-117.7568,3.9805
4.8161,16.8,5.1,1.35,470,3.77,38.4395,-115.3554,3.3366
4.8191,31.5,5.21,1.6,4034,2.92,41.8706,-117.4042,3.5502
5.9571,21.9,7.57,1.89,1340,2.21,37.5691,-120.6588,4.1249
5.1537,35.9,6.72,1.86,564,4.29,33.5745,-119.0706,4.0134
2.4119,16.3,4.42,1.31,283,2.72,40.3686,-117.4074,2.3803
3.258,14.0,4.62,1.16,234,3.1,34.8926,-114.5054,2.635
10.7164,48.2,7.81,1.73,537,3.69,39.8844,-121.7126,5.0
1.2584,9.8,2.9,1.11,2759,2.63,41.5925,-115.3752,2.0072
2.8614,28.8,6.25,1.66,845,2.4,39.1196,-114.8744,3.0328
6.3434,15.4,5.78,1.57,1729,3.15,38.1623,-117.4618,4.1027
2.493,6.8,4.65,1.53,3205,1.92,36.8737,-114.8011,2.6465
5.225,6.7,6.94,2.06,829,2.83,35.9619,-120.2416,3.7209
3.7901,13.2,4.27,1.31,455,3.15,35.8535,-114.5792,3.1726
2.5854,45.7,4.7,1.39,1074,2.84,38.5455,-117.1316,3.0707
1.146,18.3,4.44,1.46,3064,2.07,39.6371,-123.8715,1.3873
4.0795,49.7,5.46,1.39,2158,3.96,38.9459,-115.0499,3.9413
2.3847,32.3,6.73,1.88,282,3.06,34.3849,-119.3584,2.7484
3.4804,25.5,3.75,1.33,1615,3.86,37.1929,-119.6047,2.8353
4.7951,32.3,6.72,1.95,1218,2.84,40.0206,-118.522,3.8849
5.714,29.3,6.29,1.47,3056,2.47,37.0192,-122.7763,4.0419
2.8566,40.7,5.33,1.45,357,3.16,37.5979,-119.5145,3.0769
2.5829,18.3,4.9,1.35,1116,2.87,39.8258,-115.8225,2.2406
1.8106,21.6,3.5,1.21,2739,2.29,38.782,-124.1421,2.733
5.8567,47.0,6.7,1.91,833,3.88,36.3888,-121.5162,4.3969
9.9201,49.5,7.47,2.22,989,2.63,41.0064,-124.275,5.0
6.1796,47.0,7.19,1.86,288,1.9,34.0444,-120.0597,4.2891
6.88,24.7,7.37,1.9,591,3.8,41.9574,-116.8712,4.6604
2.5039,41.7,5.01,1.68,671,2.7,33.6291,-116.1525,2.7254
4.6509,27.4,6.64,1.87,3683,2.64,32.642,-114.6591,3.481
5.4706,28.4,6.58,2.01,599,1.94,40.9552,-118.0933,3.692
0.624,14.6,3.49,1.24,941,4.04,34.8271,-121.7028,0.9353
2.0831,32.8,3.55,1.04,1535,2.23,39.4321,-114.8737,2.5625
8.0832,13.7,7.28,1.76,412,3.04,40.2046,-116.3918,5.0
1.636,20.6,4.93,1.25,1000,3.55,40.6604,-118.4408,1.803
7.4367,45.2,8.61,2.32,1810,3.25,41.9201,-117.2045,5.0
1.6304,14.7,3.79,1.44,2620,2.96,35.2934,-114.872,1.8474
2.1363,8.3,4.32,1.64,1381,1.98,39.2473,-117.0336,2.1025
4.6936,8.2,5.09,1.64,1527,2.51,33.5963,-120.5426,3.0681
3.8387,49.2,6.24,1.92,362,3.11,36.3647,-117.0271,3.0055
3.0028,28.8,5.33,1.48,3698,2.53,40.5557,-123.8892,3.3747
7.9227,24.2,9.31,2.19,371,3.12,35.9928,-120.3586,4.8832
1.8356,43.1,3.4,1.31,1988,3.41,38.1154,-120.1555,2.1721
3.4117,44.3,4.74,1.51,569,3.58,37.2858,-122.5983,3.6475
4.9969,20.6,6.18,1.75,3454,2.26,38.6365,-124.0645,3.1209
4.2828,37.6,6.09,1.78,1727,4.32,41.7425,-122.9395,3.1735
2.6283,41.2,4.4,1.43,1882,3.46,33.0295,-117.6229,2.6403
2.6785,35.8,3.91,1.47,497,3.0,37.9526,-116.1167,2.7458
5.6703,12.1,7.11,2.12,902,3.65,40.6988,-114.2203,3.9022
5.8064,46.2,7.06,1.99,1354,4.42,37.0731,-120.7671,4.2813
4.3407,30.3,4.87,1.6,1963,2.14,33.246,-118.1863,4.1892
2.3349,18.3,5.49,1.67,332,2.86,37.8251,-114.7411,2.2377
2.723,25.0,5.57,1.54,4136,1.57,35.6547,-122.5962,2.6814
3.6592,6.8,5.3,1.67,2851,3.12,33.9719,-116.98,2.3371
3.9355,11.0,5.42,1.38,578,3.22,40.5658,-116.5992,3.0256
4.8963,41.0,6.38,1.93,2276,2.98,37.4552,-123.3924,4.2164
3.3199,5.0,4.3,1.18,1077,2.61,41.3661,-115.5153,2.9727
5.6053,24.6,6.39,1.82,943,1.77,40.1572,-116.0063,3.4453
5.5735,29.6,4.62,1.3,653,3.22,39.0832,-123.9593,3.9915
7.0005,7.6,7.9,2.16,1244,3.87,32.5477,-123.3709,4.5363
3.7413,50.7,4.0,1.29,1771,2.65,36.5643,-123.7989,3.7268
4.3782,15.6,6.83,1.63,835,3.26,34.3761,-120.8856,3.3374
3.4517,19.3,4.81,1.52,1391,2.06,41.1526,-119.1053,3.1534
2.3495,19.3,4.24,1.26,1642,3.27,34.1585,-118.8701,1.9846
9.8008,15.8,8.38,2.31,1690,2.76,35.2176,-121.5698,5.0
6.5482,5.1,6.7,1.84,264,2.54,37.4099,-115.0017,4.3388
5.5155,39.3,7.44,2.05,2557,2.54,35.002,-120.5437,3.7216
3.6761,50.4,3.22,1.0,936,2.76,34.4937,-123.8354,3.0372
2.2441,15.5,5.37,1.49,565,3.23,38.1914,-121.2377,2.0549
6.0164,36.2,6.88,1.81,532,2.21,33.3448,-118.8827,4.5309
3.4204,39.9,4.09,1.45,992,2.76,33.0526,-120.1361,2.6044
4.5793,44.9,4.89,1.73,2815,2.98,36.0363,-121.5068,3.6058
2.7176,24.9,5.97,1.57,770,2.34,39.3463,-122.9605,3.0692
4.2044,19.2,4.77,1.61,1862,4.08,37.7707,-115.9445,2.9952
2.8058,20.3,3.76,0.93,322,2.49,36.5173,-114.1393,2.5065
2.8629,38.5,5.63,1.45,976,2.6,37.8746,-120.9387,2.6769
4.1766,43.4,5.78,1.51,5948,2.41,35.9718,-120.4075,3.746
1.6185,13.5,3.22,0.94,1966,4.08,41.3934,-117.996,1.674
1.6584,22.4,4.17,1.1,484,3.33,33.0216,-116.9719,1.8548
2.4885,47.4,3.67,1.3,1035,2.44,38.8972,-120.3013,2.967
3.2997,42.9,5.86,1.64,519,3.66,40.9672,-115.0697,3.197
5.6921,51.3,7.26,2.01,832,3.12,40.1369,-118.588,4.498
3.3967,40.4,5.46,1.7,2017,3.15,34.2484,-119.706,2.8625
3.6639,23.5,5.49,1.64,1970,2.79,35.3113,-117.7039,2.8595
3.167,32.8,6.31,1.86,511,2.55,39.312,-114.5814,2.9755
4.375,36.1,5.62,1.61,3265,3.2,33.3006,-116.1956,2.855
2.3373,8.7,3.46,1.01,1277,2.67,40.2127,-123.8919,2.1945
3.4916,30.6,5.45,1.75,773,4.09,39.3296,-120.9104,3.2747
4.5535,38.3,7.4,1.89,1036,2.24,39.4313,-119.5004,3.4313
4.1595,12.9,4.68,1.3,1315,3.92,33.4523,-121.0919,3.4033
3.7247,41.7,4.95,1.46,1185,2.93,39.3187,-117.1581,3.7467
3.7483,32.4,5.58,1.48,1000,3.18,38.9583,-115.8721,2.7358
4.7784,49.8,5.82,1.6,1044,3.5,40.3938,-116.8403,4.3964
10.0455,7.0,8.24,2.2,433,2.62,32.8952,-114.2088,5.0
2.4195,17.5,5.35,1.62,2210,3.52,32.7196,-121.52,2.5166
10.195,33.3,10.97,2.56,1136,1.38,36.0436,-115.3751,5.0
2.363,18.9,4.57,1.34,369,2.57,33.9135,-116.4804,2.5911
1.0816,38.6,2.93,1.25,1944,2.45,37.8047,-120.6058,2.2144
2.7763,40.7,3.43,1.26,3434,2.25,41.2148,-116.8119,2.5024
4.4175,9.8,5.86,1.98,3732,2.87,36.2191,-123.2384,2.8263
8.9643,29.2,9.26,2.53,753,3.23,40.527,-116.2488,5.0
2.2426,28.9,4.73,1.62,375,3.42,32.5023,-118.8702,2.4404
4.764,22.4,5.86,1.46,1077,3.14,34.1009,-121.3186,3.7362
1.7475,48.8,3.58,1.33,343,2.6,32.789,-117.6111,2.6174
8.7978,43.9,7.4,1.97,3461,3.22,35.6174,-117.7555,5.0
6.6123,37.8,7.64,1.94,443,3.07,41.1278,-122.1632,4.438
2.8658,38.6,5.45,1.62,550,3.56,33.421,-123.9899,2.7635
7.1538,26.7,6.06,1.85,826,3.47,38.2609,-119.877,5.0
3.4808,48.3,6.36,1.85,780,3.02,36.7892,-118.491,3.2173
6.7901,37.6,7.53,1.87,2100,2.46,41.4154,-115.3586,4.7543
3.7103,39.3,6.35,1.88,931,2.61,33.6639,-114.8322,2.8097
3.7929,45.5,4.2,1.24,425,2.67,34.5143,-118.9062,3.4394
2.8966,17.9,3.65,1.26,573,2.81,32.7806,-116.6112,2.2132
5.0823,42.9,5.93,1.64,1054,3.16,36.6224,-119.8191,4.3468
3.9416,14.2,5.77,1.62,391,3.43,35.1394,-116.69,3.2077
4.8177,21.2,7.33,2.08,1335,2.97,40.7641,-122.211,3.6167
1.5369,20.8,4.49,1.24,1201,3.01,38.2469,-120.5151,2.0756
6.9135,51.0,6.95,2.18,1705,3.09,38.3339,-117.8309,4.6969
7.8036,45.3,6.86,1.6,3531,2.69,37.5532,-124.1148,4.8548
3.9321,38.0,6.34,1.68,3120,2.44,33.3726,-116.9309,2.9894
9.6751,39.2,8.03,2.16,3704,1.95,36.7277,-115.7775,5.0
8.5194,31.4,9.41,2.47,537,2.58,41.9953,-120.2288,5.0
5.1386,49.5,5.86,1.66,369,3.28,40.4347,-119.731,4.2304
7.201,28.3,8.59,2.21,632,2.58,40.9879,-115.6169,4.7231
6.2545,22.9,7.3,2.02,2906,2.86,40.3207,-116.3883,4.535
1.3428,12.7,3.7,1.2,4493,3.28,33.4789,-121.3609,1.731
3.2006,42.0,4.5,1.61,2554,3.31,34.6608,-120.9954,3.2691
5.3221,39.5,5.92,1.81,340,2.35,32.5297,-117.3754,3.2913
8.0699,23.1,8.18,2.27,3735,3.6,35.3833,-118.5554,3.5796
1.6859,6.2,4.07,1.17,861,3.68,33.5318,-122.6453,1.9833
1.3882,44.4,3.36,1.16,211,2.32,36.9915,-121.1387,1.8684
3.5924,5.5,5.02,1.46,901,2.51,38.9327,-115.1202,2.5904
1.1179,38.1,3.73,1.1,257,3.71,40.8078,-117.2806,1.9896
3.5285,50.6,3.41,1.24,1142,2.91,39.6176,-114.2431,3.7182
4.4735,25.6,6.05,1.63,696,1.67,41.4166,-116.4765,3.677
2.189,16.0,3.53,1.3,970,2.16,33.012,-114.6919,2.0604
3.5787,38.1,4.22,1.18,1340,2.85,32.6157,-122.0949,3.451
5.9603,43.4,5.23,1.8,2637,2.3,38.7827,-116.4309,4.3651
2.7693,30.7,3.23,1.01,1501,2.75,35.2488,-124.0938,2.5884
2.3842,50.5,3.35,1.2,883,3.02,34.9083,-117.4582,3.0542
3.4948,7.4,4.53,1.52,2254,3.88,35.6434,-119.5133,2.2051
2.0698,28.7,5.8,1.58,3032,2.83,35.0631,-120.763,2.5794
9.3005,38.8,8.16,2.26,353,3.64,37.3586,-115.5035,5.0
3.7696,45.5,5.4,1.4,1111,3.86,36.6814,-115.5865,3.355
2.5153,13.4,4.83,1.68,602,3.86,37.3681,-124.0725,2.5606
4.1379,42.6,5.59,1.62,258,3.17,38.8908,-118.083,4.148
3.4849,31.0,5.03,1.42,1525,1.82,36.1777,-120.5481,2.5787
3.2862,23.6,4.02,1.26,2583,3.28,34.8874,-120.0603,2.5296
2.7689,11.2,5.82,1.79,413,3.63,34.0789,-115.8132,2.6278
2.6991,45.7,6.07,1.63,2208,2.95,35.82,-121.1396,3.1583
1.5545,12.4,2.59,0.9,2504,4.05,39.5472,-114.6809,1.713
7.1954,19.6,6.5,1.77,3149,3.52,39.6887,-122.4677,4.3065
4.968,18.6,5.76,1.47,570,3.34,38.8356,-117.5402,3.334
4.3495,46.0,4.84,1.74,3012,3.65,34.7233,-117.4445,3.8934
3.4558,36.6,5.48,1.51,664,3.2,38.0868,-121.7276,3.2477
2.169,42.4,3.72,1.37,1164,1.5,37.9216,-120.9875,2.8427
2.4349,16.8,6.19,1.77,262,2.7,37.1005,-115.7851,2.3732
1.6438,34.4,4.94,1.34,254,3.72,37.7248,-116.5296,1.8465
2.5928,31.9,4.73,1.44,1729,2.52,37.172,-120.9432,3.0663
2.0141,44.1,5.03,1.62,905,2.87,37.8718,-118.8536,2.8257
8.2754,47.6,8.85,2.24,555,2.37,39.2973,-123.6709,5.0
5.7572,5.6,6.0,1.88,453,4.07,33.5415,-122.1708,3.3265
3.854,36.7,4.66,1.59,1530,4.01,39.6214,-119.3446,3.5621
2.2916,7.4,4.44,1.53,200,2.47,33.7909,-123.4231,1.7994
2.0674,30.8,4.93,1.42,2167,3.09,33.133,-115.698,2.3056
3.3413,18.5,5.12,1.36,299,2.59,41.7728,-116.9763,3.2292
5.8797,19.4,5.27,1.46,455,3.37,41.5914,-114.6749,3.1419
1.6673,21.6,3.36,1.2,786,3.31,33.0741,-117.2266,1.8213
4.9348,34.2,5.9,1.76,996,3.49,36.7109,-114.7079,3.4186
2.5868,20.7,4.49,1.07,726,3.2,34.2693,-118.644,2.1892
2.8372,39.4,6.28,1.75,664,4.76,37.1108,-118.1778,3.0465
3.796,24.0,4.17,1.36,4186,2.38,40.3867,-114.3349,3.3011
2.3323,8.2,4.8,1.42,1431,1.97,41.5308,-117.7503,2.255
3.2542,41.8,6.14,1.92,228,2.76,38.5254,-123.986,3.4666
2.2307,18.4,6.16,1.79,875,2.06,35.8621,-116.9172,2.411
2.6976,25.3,4.3,1.56,2695,2.1,38.2316,-115.0642,2.488
5.4202,37.2,6.65,1.8,631,2.4,35.464,-116.1851,3.6115
3.8986,20.6,5.79,1.8,319,2.45,41.1433,-118.3449,3.6073
5.4098,7.7,6.4,2.03,1904,2.43,40.7688,-117.4527,3.735
2.5692,22.6,4.46,1.59,1318,3.31,37.8032,-114.2,2.4867
4.9534,49.4,6.32,1.6,1214,2.7,35.5856,-123.3752,3.8755
1.4529,35.2,1.85,0.83,266,2.89,35.2872,-117.4941,1.8226
3.7952,36.6,5.82,1.61,382,3.54,32.8175,-121.4093,3.2454
5.1216,34.7,6.17,1.81,1369,2.54,40.2503,-117.7711,3.3775
1.4235,14.4,3.68,1.34,480,2.84,36.7786,-118.1022,1.2349
2.5851,24.7,6.19,1.61,1042,3.22,35.5888,-122.7347,2.5341
3.7938,40.3,4.74,1.46,1145,1.84,36.9755,-122.1912,3.6257
6.1047,9.8,6.34,1.47,600,1.57,40.278,-117.9594,3.8154
2.6974,18.1,6.21,1.96,3758,3.21,33.6838,-122.9921,2.2362
4.8545,18.0,5.25,1.47,2418,3.3,40.6477,-121.5952,3.2803
7.4377,25.3,7.02,1.91,1738,4.24,41.0263,-115.7805,4.5298
4.9693,51.1,5.86,1.63,297,3.09,41.4937,-120.9637,4.0762
3.3184,8.2,5.66,1.8,335,3.49,36.2761,-119.3218,3.4259
4.4838,29.4,5.86,1.25,1015,2.88,34.5628,-114.7004,3.7259
2.6564,13.4,3.56,1.21,410,3.18,36.0496,-121.9831,2.7752
3.8727,50.6,4.9,1.46,4795,4.0,35.6627,-120.3258,3.8106
3.4045,10.3,4.56,1.34,407,1.73,34.1735,-118.1141,2.3123
4.4082,24.0,5.58,1.88,1002,3.25,38.269,-116.5955,2.8793
2.9588,39.7,5.12,1.39,743,4.28,37.0279,-115.1031,2.4278
4.5369,38.1,6.06,1.83,1424,3.17,40.7242,-114.9622,4.0756
2.9439,24.9,3.35,1.22,366,3.99,32.805,-116.3783,2.235
5.7286,21.3,7.29,2.15,875,2.62,38.6167,-121.971,3.7021
3.1027,23.7,5.06,1.41,585,2.98,39.748,-124.0469,2.8575
1.1373,17.4,4.79,1.35,2824,3.02,39.7151,-120.3855,1.8298
2.1032,14.7,4.62,1.59,250,1.67,40.9177,-122.8562,2.5493
3.7362,27.7,6.12,1.79,3140,2.3,39.4258,-117.054,3.2484
8.2375,17.6,8.32,1.93,2348,2.34,41.3142,-117.5565,4.8453
5.616,18.5,7.45,1.91,624,3.49,35.6602,-123.8515,4.2832
1.0285,35.9,4.03,1.36,2069,3.52,37.2805,-115.7667,1.6671
1.5891,50.5,3.88,1.4,238,3.19,32.6338,-121.7628,2.4135
6.5053,33.4,8.72,2.14,4289,3.49,32.5661,-119.8913,4.7162
5.1071,8.6,6.78,1.42,1097,2.9,34.7812,-117.4871,3.233
10.5307,8.6,9.78,2.53,634,3.72,33.4577,-119.9199,5.0
2.8816,49.7,3.71,1.06,740,3.01,34.972,-119.7989,3.1952
2.3068,19.0,3.35,0.87,282,3.03,34.1819,-123.6306,2.0736
3.8423,9.3,5.54,1.18,5651,2.84,32.7709,-120.2053,2.6679
2.8523,33.2,4.83,1.59,248,3.41,41.1384,-116.4986,3.003
6.1941,34.3,6.23,1.76,1477,2.75,32.5781,-114.9652,4.836
2.801,35.5,4.79,1.42,902,3.59,39.4928,-120.0823,3.0936
3.1998,17.6,6.19,1.95,3769,2.32,33.9454,-119.9794,2.9109
2.1397,5.7,4.84,1.56,539,2.34,41.1662,-117.1332,2.3421
5.4244,50.4,5.34,1.81,1111,3.41,40.9816,-114.6837,3.7262
2.2117,16.8,4.24,1.14,990,2.95,38.7121,-121.576,2.4172
4.5805,36.8,5.1,1.52,1656,2.73,38.8862,-119.8105,3.6573
8.9666,38.2,8.07,1.87,285,3.53,32.5507,-116.1811,5.0
1.3268,33.7,3.47,1.16,458,2.64,41.8563,-118.0811,2.2173
7.618,19.7,7.19,1.9,490,2.88,40.8394,-123.172,5.0
4.2806,17.7,4.56,1.51,1808,3.84,41.0035,-117.8971,3.042
1.9624,33.1,4.08,1.32,452,3.92,38.7628,-122.3952,2.5121
3.9192,45.7,4.9,1.57,1223,3.94,35.7755,-119.0958,2.9516
5.3433,49.5,3.86,1.38,491,2.83,40.9897,-118.9031,4.0086
2.3875,10.0,6.07,2.04,2573,3.74,35.2694,-115.3627,2.6185
4.7157,12.3,6.7,1.79,3621,2.43,37.8458,-119.5826,3.5275
7.9474,49.4,7.47,1.85,1077,2.46,33.4474,-121.4497,5.0
2.7991,39.6,4.69,1.48,721,1.59,41.2586,-121.9441,3.7708
2.1261,46.5,3.34,1.05,520,4.0,33.8373,-115.3826,1.9266
3.4598,14.5,6.43,2.01,261,2.48,34.6365,-122.5557,2.5917
3.8104,32.6,6.8,1.82,575,2.92,37.8023,-119.9561,3.9988
6.3587,38.0,6.94,1.8,1474,2.45,39.7589,-122.3908,4.6904
3.4002,37.0,5.86,1.6,1115,3.42,38.3838,-116.4123,3.0174
2.9343,24.2,4.9,1.59,3660,2.77,34.7053,-119.4614,2.2118
2.0982,5.7,3.19,1.11,806,2.22,32.509,-120.7183,2.1202
1.4292,32.4,3.53,1.11,1620,3.26,39.6929,-120.6168,2.3829
1.7794,16.9,4.17,1.58,1006,2.14,41.8595,-115.6074,1.702
1.7739,26.2,3.7,1.11,1062,2.5,40.1942,-118.6515,2.2011
3.2178,50.0,4.76,1.46,574,1.74,36.872,-116.9777,3.0876
1.5658,23.8,3.87,1.37,928,2.15,41.0858,-115.1502,2.1461
3.5948,44.5,5.09,1.27,964,3.11,36.3936,-115.1022,2.7962
8.8627,13.9,8.36,2.24,1672,1.82,37.4869,-120.9492,5.0
6.4542,36.6,6.02,1.55,3589,2.11,37.0327,-114.585,4.6369
3.2015,50.9,4.35,1.49,679,3.0,36.7524,-124.0463,3.2073
11.8554,9.8,9.09,2.17,252,2.67,39.8643,-120.4563,5.0
3.8175,5.4,6.07,1.82,1023,4.2,37.5043,-115.1629,2.678
4.1041,25.4,3.78,1.42,1144,4.1,35.5088,-121.4987,2.8614
3.4254,9.4,5.98,1.82,421,2.48,34.9525,-121.5146,2.6777
3.6362,40.2,6.29,1.8,1915,3.33,32.8586,-121.2133,3.2006
2.7489,48.0,4.41,1.35,5234,3.45,38.0404,-118.0544,3.4138
3.2259,25.4,2.85,0.98,3698,2.64,34.6846,-119.829,2.9852
7.6446,17.2,7.3,2.18,463,2.1,33.9073,-116.8873,4.9914
6.8156,25.4,7.04,1.8,2699,2.99,38.7114,-115.1719,4.5319
1.114,39.0,2.86,0.92,1663,2.9,38.9715,-117.4232,1.6278
1.6584,5.4,3.58,1.32,926,2.74,39.6455,-122.2144,1.9455
2.405,32.7,5.67,1.51,1133,3.27,37.284,-114.7866,2.884
5.906,33.8,7.08,1.77,2473,2.55,40.9935,-121.6022,3.9714
6.8944,35.0,6.4,1.56,985,2.31,41.3953,-122.7711,5.0
5.3327,16.4,4.92,1.41,761,3.07,40.17,-123.3823,4.6185
1.9583,38.6,3.91,1.27,1016,3.23,38.5381,-118.5535,2.8299
2.7783,9.3,4.5,1.44,1239,2.29,35.3853,-123.1396,3.0045
4.758,14.4,6.25,1.89,451,3.56,41.838,-122.8845,3.6977
3.2518,46.2,4.52,1.48,2974,1.94,35.1043,-121.2397,3.5181
3.0203,39.7,5.22,1.52,1546,2.65,34.4252,-121.4271,2.7793
3.0435,5.6,6.37,1.75,1404,2.85,36.7005,-118.1368,2.8304
6.5518,16.7,7.58,2.09,326,2.62,33.04,-115.9692,4.3916
5.0086,15.1,5.97,1.88,1312,2.66,41.7957,-116.5342,3.6436
3.1309,17.7,4.73,1.47,355,4.12,38.0901,-121.6227,3.2153
4.3826,16.6,5.34,1.5,298,2.49,37.791,-121.7978,3.1885
1.8211,7.9,5.04,1.36,1099,4.46,38.7301,-114.4489,1.791
2.7811,26.6,4.17,1.12,819,3.26,37.2217,-124.216,2.8316
6.2272,39.4,6.77,1.95,1266,3.06,32.8046,-115.3269,3.8891
1.5162,33.5,3.95,1.38,312,3.29,38.317,-122.2628,2.3927
5.0405,36.6,5.62,1.71,877,4.52,39.3037,-114.6377,3.086
1.1084,8.8,2.57,0.99,431,2.4,36.4591,-120.8085,1.9985
8.3084,49.7,8.24,2.36,5421,2.33,39.6943,-119.8084,5.0
2.7466,44.4,4.6,1.35,1188,2.55,34.6565,-117.0874,2.648
4.5476,42.8,6.13,1.87,1596,3.02,34.6021,-118.3058,3.3759
3.9291,43.7,4.93,1.48,672,1.96,34.0335,-121.057,3.3941
4.0037,48.8,6.38,1.68,319,3.01,36.034,-118.6509,3.8644
4.3419,30.6,4.9,1.57,4669,4.02,40.5466,-116.8468,3.4801
1.3825,14.4,5.2,1.6,605,3.09,40.3652,-123.8682,1.9034
4.0466,34.0,4.03,1.36,862,2.82,36.1368,-124.1858,3.1158
3.3528,39.9,5.36,1.58,1459,2.63,38.0966,-119.6277,3.4328
2.7545,39.7,5.03,1.5,230,3.54,39.3478,-122.9553,2.7864
2.4043,29.5,3.81,1.62,2195,2.5,34.7915,-117.5237,2.4044
4.0993,8.2,5.8,1.84,1123,4.11,34.0973,-122.1167,3.049
2.1402,22.4,5.31,1.67,591,4.16,41.7349,-119.8849,2.5689
6.1701,48.3,4.93,1.5,276,3.15,38.3668,-122.2838,4.8693
4.7183,32.5,6.23,1.9,413,2.99,41.8234,-118.7055,3.3301
4.2284,30.3,3.54,1.29,2905,3.62,35.7087,-123.1163,2.6155
6.0378,17.6,5.85,1.67,1590,3.66,39.1788,-124.0643,3.9435
1.2784,22.3,5.07,1.47,545,2.52,34.6147,-123.7785,2.7585
1.7905,47.1,3.61,1.21,281,2.68,34.9814,-114.5666,3.0478
4.8254,36.3,4.96,1.02,1608,2.21,37.3631,-122.8487,4.5004
2.4781,42.0,4.33,1.4,1220,3.25,35.5364,-117.0735,2.5785
2.645,26.4,6.24,1.67,822,3.4,34.0924,-123.6072,2.1657
1.6592,34.6,2.53,1.24,742,2.19,34.9974,-123.1968,1.4597
2.1433,16.7,3.44,1.19,493,2.73,32.8396,-119.1095,1.8925
6.2406,38.2,7.94,1.91,1529,2.19,39.192,-119.5583,4.5463
4.7673,25.1,7.35,1.96,4435,2.46,37.1751,-114.5939,3.9478
4.076,25.8,5.36,1.42,432,3.33,33.3953,-114.6627,3.3568
2.6993,35.5,3.63,1.3,1291,2.56,34.1311,-116.348,2.6464
3.9451,49.0,7.04,1.95,862,2.82,33.4741,-118.1586,3.2607
6.5218,8.0,8.19,2.28,910,2.02,38.3196,-119.6594,3.951
2.5104,43.8,5.05,1.39,552,3.11,33.395,-120.667,2.9165
3.6319,18.7,4.53,1.41,2292,2.97,39.6657,-114.6397,3.04
8.5755,25.9,8.11,1.92,997,2.56,32.6949,-118.1503,5.0
5.2969,6.0,6.05,1.82,1141,2.89,34.8691,-118.3935,3.0872
2.7195,19.1,4.9,1.56,636,3.11,40.9613,-121.9346,2.9412
5.0797,28.6,7.21,2.02,441,2.51,39.326,-123.8237,4.2098
1.5039,7.6,4.61,1.42,308,2.11,33.1932,-114.6591,1.3118
3.5563,28.1,4.27,1.42,1703,4.08,40.3007,-121.0999,2.7829
5.0769,48.6,7.15,2.17,462,2.62,37.1838,-119.7856,4.4183
4.5043,10.0,5.95,1.65,1606,2.94,40.5444,-123.1307,3.3379
5.0518,40.9,6.58,1.84,794,3.61,38.207,-115.7634,4.4334
5.6281,24.3,7.55,1.85,845,5.12,38.9774,-124.0182,4.3232
4.6868,35.8,4.92,1.35,960,2.25,41.9383,-115.7933,3.4944
4.6179,17.2,5.74,1.66,750,3.27,34.7072,-122.8691,3.435
4.1245,12.5,5.05,1.68,327,2.58,38.4275,-115.257,3.0088
2.0147,12.5,2.95,1.05,645,2.68,36.8731,-116.8563,1.7163
6.2392,8.3,7.02,1.87,1508,2.57,32.8748,-122.6204,3.7272
3.6231,13.7,7.18,1.88,1515,2.32,32.6375,-118.5287,3.1693
5.2299,36.2,4.67,1.35,605,2.98,33.6327,-121.1109,4.1462
5.9133,46.4,6.52,1.85,940,2.12,38.6664,-122.482,4.7952
2.7915,43.3,5.19,1.31,458,3.57,37.888,-115.5363,3.4031
2.9218,37.2,4.85,1.66,483,3.03,37.7576,-120.1841,2.7603
3.1316,10.2,4.79,1.36,228,3.25,32.8026,-120.2349,3.1277
6.8454,18.6,6.07,1.82,2925,2.72,36.9584,-122.5672,4.1119
2.2476,19.6,4.53,1.22,484,2.78,41.2839,-120.3927,2.1315
7.4554,16.7,6.87,1.97,510,3.17,36.2771,-115.4095,3.898
4.1008,29.2,3.71,1.34,594,2.3,38.4368,-120.5961,3.1466
4.2524,30.2,6.51,1.86,364,2.79,39.9083,-114.5936,3.2372
5.7791,21.8,7.23,1.8,1424,2.48,39.9473,-114.6476,4.1673
3.864,21.6,5.36,1.61,294,2.47,37.4332,-122.822,3.3398
6.2749,43.9,6.95,1.71,373,1.73,40.6505,-122.4914,4.3882
2.7896,42.1,5.53,1.57,1442,3.8,36.2181,-115.5007,2.6682
7.3324,19.5,7.58,2.17,698,2.59,40.9426,-120.2938,4.6796
2.904,47.9,5.47,1.71,1677,3.7,34.7822,-124.2554,2.5408
7.4765,49.8,7.25,1.95,1178,3.64,35.1621,-121.5065,4.835
2.9452,20.4,5.82,1.52,555,2.23,33.0046,-118.2042,2.398
3.179,21.7,5.16,1.63,1463,2.35,40.058,-116.1475,3.2859
2.1081,28.8,4.42,1.39,348,4.54,36.462,-122.9394,2.5271
2.4189,49.2,3.44,0.84,1123,4.05,34.6766,-123.1725,3.0533
3.6325,46.2,5.41,1.7,890,2.98,34.702,-114.8947,2.6755
4.1813,9.8,4.84,1.47,574,3.15,41.0633,-116.6383,3.4484
6.0424,23.5,6.11,1.9,1312,2.62,40.4222,-118.2842,4.595
3.2987,31.0,4.33,1.2,2661,3.26,37.7585,-116.4543,2.1325
1.9656,28.6,3.33,0.8,8000,2.57,38.3531,-119.9257,1.9666
4.5094,14.1,7.41,2.02,1323,1.78,37.0061,-116.5638,3.5398
4.0374,45.4,6.49,1.84,822,2.21,36.2208,-120.5076,3.8936
4.7653,36.8,7.4,1.73,506,3.01,41.197,-121.8102,3.7992
2.6059,44.4,3.59,1.07,557,2.32,33.6933,-116.8641,2.5924
2.7682,45.4,4.72,1.86,983,2.96,36.4752,-120.0193,2.7406
2.6064,40.2,3.53,1.16,749,2.36,35.7733,-114.29,2.6252
6.6412,25.6,6.43,1.9,3142,2.53,37.2324,-120.7353,4.8451
7.3688,33.7,6.69,1.74,751,3.51,36.8475,-114.8984,4.4368
2.7068,12.5,5.62,1.31,761,3.15,37.4295,-114.7838,2.7399
2.7353,36.7,4.32,1.34,781,2.99,33.8292,-121.8331,2.5303
5.1074,13.4,6.92,1.84,2374,3.53,37.3748,-116.1581,3.1848
7.7912,37.6,8.16,2.07,1462,3.29,34.803,-119.8826,5.0
8.6669,15.8,10.04,2.49,1343,3.87,34.2511,-114.9412,5.0
2.6431,10.5,3.4,1.22,688,2.72,33.1159,-119.7087,2.538
2.9988,12.8,5.81,1.64,2244,2.74,39.7452,-116.7081,2.1447
4.2935,5.1,6.49,1.61,247,2.22,36.5607,-119.5369,3.0092
4.4012,38.8,4.86,1.55,2656,2.74,38.4531,-121.9764,3.9255
3.3656,39.4,5.83,1.37,1063,3.58,39.4121,-122.2666,3.3387
2.3767,29.2,4.69,1.13,809,3.78,38.9535,-119.9606,2.22
3.6355,12.6,5.0,1.61,1025,3.58,36.9698,-116.594,2.8992
8.6621,8.9,7.54,2.08,1521,1.92,36.185,-118.1283,4.8108
2.7891,5.9,4.1,1.31,215,3.65,36.0716,-117.276,2.8697
4.1589,12.8,7.14,1.72,2663,1.9,38.5805,-121.4203,3.8793
11.6451,46.9,9.99,2.39,910,3.54,37.2005,-119.3894,5.0
2.7684,16.4,5.29,1.52,704,2.78,40.5668,-123.8472,3.2629
5.2308,21.7,5.51,1.36,379,3.42,40.8097,-115.9612,3.6974
8.8543,10.0,7.69,1.93,895,2.2,34.1203,-114.2031,5.0
5.0026,15.5,6.87,1.97,1023,3.7,33.7942,-120.1498,4.0427
6.4014,29.4,5.76,1.87,820,2.12,38.4888,-124.1882,4.6073
5.5921,33.6,6.02,1.64,1562,2.6,35.3616,-122.5681,4.0417
4.8005,16.5,5.91,1.79,856,2.4,32.6764,-117.6442,2.7501
7.2445,7.7,7.44,1.7,4106,1.95,40.9421,-118.0568,4.4697
5.147,23.4,5.94,1.79,1297,3.06,34.6556,-116.2638,3.8496
3.3836,16.0,5.35,1.45,2177,4.08,41.3282,-121.7104,3.2485
3.9962,15.3,5.95,1.74,339,4.6,39.3156,-116.511,3.1949
4.4782,50.1,6.27,1.72,808,3.06,39.7452,-117.2826,3.6641
2.9894,34.0,4.01,1.5,693,3.67,34.4139,-121.0073,2.1065
4.0893,31.2,5.23,1.41,1211,3.14,34.7248,-118.736,3.0959
3.7919,24.5,6.23,1.84,2569,3.3,37.452,-122.7978,3.1403
5.1389,25.2,6.8,1.82,298,2.79,34.1349,-119.6838,3.6647
10.0865,30.4,7.95,2.07,290,3.12,35.4016,-115.3118,5.0
4.214,37.7,5.81,1.63,2479,3.32,35.5539,-120.0038,4.1726
7.8933,38.0,6.15,1.6,487,2.65,34.0165,-115.7364,5.0
5.0452,13.1,6.06,1.71,1526,2.95,34.4492,-118.2794,3.3575
4.0798,28.5,6.97,1.88,1139,2.96,39.9912,-122.3429,3.4722
2.9025,24.4,3.98,1.33,2347,3.5,34.0884,-118.3727,2.5562
4.0956,45.9,4.79,1.47,360,2.36,32.7703,-119.139,3.1866
3.9677,34.7,5.99,1.82,367,2.97,38.4789,-120.2339,3.4976
2.5148,30.0,3.27,1.29,1177,4.15,41.7718,-123.0798,2.8301
2.7249,10.4,4.13,1.17,3711,3.7,35.6465,-120.0496,2.3684
4.4976,33.5,6.18,1.87,843,3.81,33.6272,-123.5578,3.7919
7.8526,10.5,7.2,1.76,675,3.01,37.9187,-123.2926,5.0
3.5729,20.8,4.95,1.58,1320,3.19,41.1104,-120.0577,2.4105
1.6185,11.7,4.57,1.51,3399,3.6,39.9486,-121.1851,2.2209
1.0358,37.5,3.96,1.01,2376,3.94,38.4139,-114.8594,1.6686
2.087,14.7,4.47,1.41,6680,1.83,35.493,-120.4678,1.7474
5.2985,23.4,5.91,1.61,227,2.21,37.6479,-116.5698,3.3692
1.7897,47.1,4.37,1.26,344,3.79,33.3668,-118.8915,2.6022
5.7322,14.6,6.34,1.97,1328,2.83,38.95,-117.1183,3.74
5.1507,28.9,6.46,1.69,2262,2.6,39.3884,-121.6468,3.3575
3.5096,24.7,4.71,1.32,603,2.25,41.6678,-114.6926,3.1247
2.5266,5.9,4.37,1.39,528,2.67,34.9738,-118.8931,1.7044
3.2502,42.3,4.16,1.43,2056,2.16,32.6753,-115.8205,2.9395
4.4406,8.2,5.64,1.61,270,4.25,37.6833,-120.5765,3.2682
1.8207,27.3,3.44,1.36,753,2.99,39.2145,-123.2778,2.6694
7.4449,31.4,6.58,1.89,1046,2.97,40.0089,-117.4281,5.0
4.4197,34.5,5.86,1.35,1186,3.35,34.3405,-124.2209,3.1837
4.6811,37.4,5.98,1.62,1765,3.58,34.9867,-119.452,3.6406
5.1319,16.9,6.71,1.76,726,3.57,37.3696,-122.3334,3.651
7.0752,5.5,6.9,1.95,1338,3.64,35.6407,-117.9008,4.3671
4.1008,39.0,5.79,1.26,1256,2.62,40.6749,-114.3099,3.5254
5.3001,30.2,6.62,2.21,1152,2.82,37.0007,-119.5631,3.7957
2.5491,44.3,4.89,1.56,1428,3.46,40.096,-115.9615,2.6375
8.6854,43.6,7.55,2.03,560,2.68,38.0159,-119.1206,5.0
3.9577,44.6,5.49,1.78,306,3.0,39.8444,-119.2424,3.9064
2.5424,27.8,4.82,1.81,352,3.24,35.6604,-114.8097,2.591
2.9029,20.7,4.75,1.58,505,3.47,40.3985,-115.2223,2.8971
1.2418,42.2,2.08,1.06,1032,1.93,35.1084,-116.2848,1.8819
2.893,26.2,4.86,1.49,2402,3.43,37.6879,-121.2782,2.5297
0.9127,13.6,5.32,1.54,1650,2.86,34.5331,-118.7409,1.294
5.5,45.2,6.01,1.63,2067,3.42,37.0175,-122.0162,4.3653
4.6082,46.5,5.18,1.41,719,3.47,35.5227,-119.772,3.3933
2.1545,26.9,4.59,1.32,822,3.96,35.0337,-119.361,2.9937
3.6074,8.6,5.41,1.38,800,3.81,41.6864,-115.8173,2.3197
3.6929,23.2,6.17,1.72,456,3.81,34.0207,-115.1605,3.0065
1.9245,42.8,3.15,0.88,276,3.87,39.9796,-120.0709,3.0778
3.2862,47.4,5.56,1.64,1273,3.17,41.8496,-124.1194,3.7013
3.753,14.6,5.72,1.64,5636,3.02,32.6891,-115.5099,2.7477
3.2397,8.1,4.83,1.49,419,3.52,39.1408,-122.5224,2.3951
2.541,46.2,4.8,1.38,257,3.44,34.9027,-117.9568,2.3158
2.1112,23.3,5.09,1.98,2014,2.81,32.8846,-124.0453,2.6702
3.1802,30.5,5.61,1.83,549,3.24,36.3275,-120.225,3.4996
2.7061,50.5,3.71,1.06,2324,2.98,41.3846,-114.2432,2.7038
4.9583,8.1,6.63,1.86,1661,2.49,32.6118,-123.2729,3.0909
7.3,35.5,7.33,1.87,3695,3.77,38.0849,-119.9783,3.9964
5.8754,8.5,6.58,1.66,831,3.03,37.2633,-121.1671,3.5674
3.8183,22.6,5.35,1.37,1502,4.23,40.7971,-115.0681,2.9619
2.5923,42.8,4.44,1.45,950,2.02,33.298,-115.4327,3.2313
5.7943,25.4,7.43,1.88,1395,2.67,38.9745,-121.8755,4.4812
5.113,51.9,6.0,1.85,917,3.02,38.961,-123.4719,4.3943
7.038,31.3,6.33,1.91,451,3.68,38.8563,-117.9032,4.4834
4.103,20.1,5.15,1.74,1051,3.24,41.4522,-120.869,3.0801
8.4496,15.3,8.21,2.01,1102,3.19,40.3193,-117.4447,5.0
4.1037,21.5,6.45,1.86,2197,2.32,32.8987,-123.9724,3.4088
2.5857,22.5,5.03,1.6,1796,2.31,36.9753,-122.9393,1.9399
2.8424,8.2,4.02,1.23,1508,3.19,36.2806,-117.299,2.0585
4.8378,22.4,7.89,1.96,344,2.18,35.4464,-122.1338,3.509
2.7023,26.8,4.83,1.71,1730,2.68,36.7877,-115.5526,2.3378
8.4194,39.0,9.07,2.35,1033,3.3,36.1498,-123.7024,5.0
4.6334,35.9,5.66,1.73,2894,2.41,36.6072,-122.1021,3.6837
3.7751,38.3,5.69,1.52,3229,3.96,41.803,-114.1147,3.1793
3.941,5.4,6.04,1.52,268,3.73,33.342,-119.8826,3.3411
3.2217,15.2,5.91,1.6,2262,2.06,41.2612,-117.1298,2.5722
1.4175,36.1,4.7,1.42,246,2.44,37.0622,-122.4368,3.0358
2.8435,27.7,5.4,1.42,749,1.63,38.4256,-118.0793,2.5975
7.8815,5.2,7.48,1.99,1138,2.53,40.3867,-116.8937,4.7392
4.1603,42.8,5.04,1.25,392,3.46,35.9244,-121.0923,3.4665
6.2217,41.3,7.0,1.73,1846,2.75,36.589,-115.8452,4.4396
6.3134,30.8,7.53,2.11,210,3.28,36.3904,-118.1451,4.5331
3.6251,8.1,5.0,1.59,422,2.09,36.0599,-120.3309,2.9857
5.1561,41.0,6.95,1.83,1243,3.48,41.2925,-118.612,3.8317
1.4983,32.4,5.06,1.36,1704,2.67,40.3748,-118.417,1.9089
7.5531,41.8,6.8,1.71,3182,3.01,33.5355,-122.6115,5.0
7.2378,40.3,6.67,1.78,1667,2.94,33.5272,-120.1921,4.6756
4.769,42.7,5.75,1.75,1537,2.24,36.5648,-120.797,4.1264
4.2385,29.3,5.79,1.8,802,2.31,33.4372,-120.2108,2.8277
3.6502,11.6,4.77,1.38,202,3.58,38.3814,-116.5367,2.6683
6.5921,36.5,8.04,1.93,354,3.24,33.8651,-119.3781,4.5706
5.4629,34.2,6.62,1.86,1118,3.63,37.4625,-114.7088,4.0615
0.7346,39.9,3.47,1.07,1549,3.19,32.5686,-121.3045,0.9399
3.041,13.0,3.68,1.16,848,3.09,35.5077,-120.0598,2.5679
1.9692,14.2,3.13,1.32,1774,1.96,38.9333,-116.273,1.604
1.7744,46.8,4.29,1.48,1085,2.84,37.0984,-118.7305,2.6292
6.5563,40.2,5.23,1.57,292,2.98,41.7936,-118.7203,4.2367
3.6089,47.7,5.98,1.5,456,4.17,40.804,-123.7559,3.3172
4.7288,40.7,5.71,1.67,2399,3.41,35.9112,-120.2343,3.6442
3.8529,33.1,7.91,2.24,1749,3.92,32.9321,-121.5385,3.0093
1.7868,35.7,5.92,1.63,2902,3.36,40.5334,-114.1068,2.1838
1.5163,46.8,3.76,1.46,350,2.57,41.1567,-121.1548,2.1272
2.9322,32.2,4.67,1.63,5753,3.07,40.296,-115.2781,2.0219
3.0643,34.7,5.64,1.88,482,3.14,33.7155,-117.4024,3.2122
3.0632,12.4,6.2,1.79,214,2.44,41.9802,-120.8227,2.4175
3.1102,27.3,3.56,1.3,7353,2.77,34.9566,-118.7559,2.5063
9.7385,38.7,7.41,2.19,596,2.88,39.3799,-115.7265,5.0
6.1733,17.7,6.21,1.81,1523,3.96,41.1263,-115.2896,3.7719
4.1911,14.5,5.98,1.62,433,1.75,34.739,-122.664,3.0124
3.5617,19.7,5.53,1.54,1242,3.72,41.1285,-120.8364,3.141
3.6276,16.4,6.03,1.74,3013,2.44,35.4401,-120.8807,3.3631
5.3611,15.1,5.26,1.36,663,2.18,41.7759,-123.8711,3.5029
3.5444,25.0,3.27,1.13,1531,3.71,35.172,-118.198,2.7163
5.8524,47.7,7.2,2.1,450,3.44,41.5576,-115.5808,3.8193
4.4281,28.8,4.99,1.17,1376,3.75,33.0087,-120.4079,3.2205
9.7848,13.8,7.26,2.18,692,3.48,39.2381,-116.7516,5.0
3.4342,8.6,5.18,1.7,485,4.24,37.5551,-117.8975,2.3403
6.3999,37.7,7.47,1.93,651,3.34,37.0398,-120.4684,4.4339
2.0642,23.0,4.14,1.41,436,2.91,34.6232,-122.8612,1.8631
2.6267,43.6,4.21,1.34,2986,3.21,39.2032,-117.0649,2.7923
9.107,36.0,8.34,2.35,807,3.75,34.3127,-115.5834,5.0
5.7257,42.4,6.14,1.88,538,2.53,37.752,-117.3043,3.8466
4.7729,17.8,4.79,1.25,914,2.61,34.9058,-124.1176,3.3029
11.0981,37.5,9.09,2.41,664,2.81,41.5784,-122.0944,5.0
3.5884,17.4,5.57,1.58,1837,1.74,32.772,-123.5913,3.4459
6.392,49.1,7.09,1.93,4458,3.08,34.3974,-118.4821,4.0299
6.6352,34.9,7.12,1.81,892,1.87,34.802,-116.5839,4.4609
8.0867,20.3,7.06,2.17,2568,3.03,36.4336,-123.1721,5.0
1.9383,17.7,4.02,1.46,1201,3.52,34.7109,-115.749,1.9237
3.576,14.0,3.4,1.07,405,2.71,37.1678,-118.6338,1.8792
4.3884,37.6,5.78,1.45,1608,4.01,40.7884,-117.2623,3.7438
8.0182,15.3,8.95,2.23,1064,2.12,39.2646,-114.3917,5.0
4.6736,33.0,4.62,1.49,1462,3.71,38.0096,-123.4465,3.7097
6.6426,17.4,6.52,1.84,2845,3.41,33.3455,-115.1075,3.677
1.8468,36.1,4.37,1.56,897,1.97,39.0929,-123.0138,2.4149
3.1516,43.3,5.89,1.8,2977,4.63,34.0809,-120.2918,3.65
7.2237,41.6,6.98,2.04,1867,2.96,39.9705,-115.6153,5.0
3.3727,40.8,4.47,1.44,1005,2.47,34.8755,-115.0562,3.1975
3.7306,13.8,3.66,1.02,1309,2.16,36.462,-119.135,2.9617
7.9519,9.2,7.85,2.04,673,2.87,35.8295,-118.2401,4.5376
2.3107,37.9,6.02,1.86,5132,2.92,40.6587,-117.0769,2.5924
2.6041,22.3,4.78,1.45,1521,3.06,33.7022,-115.8059,2.3368
1.7445,25.3,4.03,1.38,254,2.82,37.8736,-123.0606,2.5194
8.1167,6.5,8.13,2.08,675,3.38,33.8496,-116.0373,5.0
6.1147,17.2,6.66,1.68,1372,2.77,39.1956,-119.391,4.524
6.0352,6.6,5.97,1.68,270,1.84,41.0982,-119.7036,3.4947
3.1047,46.3,5.52,1.65,229,2.91,36.6288,-119.9762,3.2773
1.6763,16.4,4.19,1.24,917,1.58,37.1369,-119.106,2.3459
1.4374,31.2,3.88,1.24,685,3.21,41.3105,-114.6605,2.2902
7.2513,6.8,6.57,1.67,892,2.41,37.4494,-118.7083,4.1957
4.9371,36.3,7.01,2.07,566,3.1,37.1322,-114.5776,4.7703
5.4295,20.2,6.79,1.81,416,3.79,37.9941,-122.461,3.4925
4.2833,47.2,5.13,1.74,1602,2.43,39.0477,-116.9138,3.24
2.4383,46.7,5.26,1.78,1067,3.64,33.5154,-116.0152,2.7529
3.1809,20.3,4.51,1.39,468,2.74,40.3006,-117.3729,3.5108
2.1274,47.3,3.65,1.08,662,4.05,36.6373,-118.1094,2.2798
1.988,51.8,3.59,0.9,1275,2.78,33.1873,-118.5389,2.474
5.8579,43.8,5.1,1.3,290,2.5,39.9687,-115.5185,4.6265
1.5036,44.7,4.28,1.15,391,3.41,36.081,-115.9192,2.2656
2.135,16.7,2.82,1.27,291,2.74,33.4535,-123.0527,2.0672
3.2797,32.1,3.99,1.31,2208,2.5,38.5209,-115.6444,3.0359
3.911,8.2,3.69,1.3,1875,2.71,40.8612,-120.0765,2.994
1.7331,9.5,3.97,0.96,1880,2.97,40.9337,-121.7123,2.4436
1.4834,51.9,3.77,1.07,1712,3.81,41.5978,-115.4284,2.8405
4.6431,20.4,5.52,1.74,1528,1.84,40.7432,-119.8933,3.6554
4.1591,40.2,4.66,1.48,978,3.01,32.5203,-116.0547,3.3725
7.1866,42.9,6.37,1.75,1434,3.37,36.1123,-121.6133,4.9963
3.9457,45.3,5.74,1.73,247,3.12,40.2762,-124.2599,3.9145
4.8871,51.9,5.49,1.84,1366,3.79,35.9794,-119.2463,3.9456
2.5121,16.4,4.76,1.42,2005,2.96,38.2147,-123.2777,2.5443
2.5688,6.9,3.83,1.28,1033,2.89,38.26,-116.6054,2.6011
1.829,24.3,4.24,1.38,731,3.36,35.9677,-121.484,2.7793
2.5252,11.1,5.56,1.97,590,3.06,41.0925,-119.7748,1.9567
3.1561,6.1,5.36,1.26,1435,2.77,37.2807,-123.4123,2.7247
6.8207,21.9,6.76,1.95,1616,3.31,36.9154,-121.3761,4.2409
2.3263,41.8,4.6,1.4,2657,2.61,41.9764,-116.3288,2.5956
10.0129,31.6,8.82,2.35,703,2.63,37.1883,-122.7538,5.0
5.1095,19.7,6.07,1.62,1962,2.68,34.1948,-117.699,3.7791
4.5813,35.8,5.49,1.59,1189,3.81,37.3742,-114.9423,3.4303
3.7866,15.9,5.14,1.63,2773,1.2,40.2332,-117.3657,2.341
3.4205,5.7,5.22,2.01,1100,3.24,39.8802,-116.0276,2.2581
2.7271,40.9,3.84,1.39,1075,3.02,39.9915,-123.1885,3.2941
1.6963,34.3,3.21,1.01,1235,1.99,39.2262,-121.7425,1.4362
2.3694,40.8,3.31,1.1,1860,3.19,34.9151,-115.1757,2.852
8.1065,6.8,6.58,1.75,4212,3.29,40.6898,-117.0059,4.8672
4.9495,44.3,5.0,1.23,292,3.35,40.9877,-117.7766,4.3859
8.0692,34.1,7.97,2.04,266,1.41,34.3445,-117.5296,5.0
2.6901,31.5,3.9,1.39,3528,3.82,33.7393,-120.0752,1.8067
2.0949,34.4,4.67,1.24,1106,2.56,41.7682,-123.8455,2.9135
3.7673,45.6,5.29,1.71,1345,3.41,40.7491,-116.2987,3.8207
2.4159,32.6,2.87,1.15,990,3.44,40.9857,-117.3771,2.8131
4.1803,32.3,6.03,1.6,318,2.47,40.9206,-119.4774,3.3385
1.5169,51.6,4.56,1.39,1954,3.4,37.646,-115.1225,2.3977
1.1674,40.6,2.91,1.32,1850,2.77,38.6408,-120.8712,1.9599
4.4904,25.8,6.03,1.82,648,1.76,37.6809,-121.2979,3.317
8.2239,38.2,7.25,1.95,639,3.7,32.9865,-115.3975,5.0
4.5933,23.3,5.83,1.63,2383,2.53,39.5823,-116.1707,3.0024
4.9235,15.8,4.94,1.5,290,2.49,37.3007,-119.0472,3.1539
3.8513,33.1,3.88,1.2,2755,2.76,38.6532,-122.9665,2.9037
4.0435,48.6,5.12,1.21,556,3.16,37.2751,-122.1063,3.1563
1.6522,48.7,3.89,1.58,1279,2.97,37.1722,-117.6065,2.4648
2.4642,21.1,4.16,1.36,3499,3.33,34.132,-120.3726,2.7433
6.7848,29.8,6.12,1.78,1560,2.2,35.1478,-115.768,4.3195
2.0013,14.9,3.88,1.27,842,2.55,34.0091,-114.6105,1.4143
3.1192,51.8,5.09,1.41,1604,2.93,34.3588,-116.0825,3.3679
6.7144,51.1,6.99,1.87,706,4.14,41.7433,-120.449,5.0
3.9858,35.5,5.54,1.37,590,2.93,33.9546,-116.2554,3.0231
4.0913,42.8,4.92,1.83,7051,3.65,35.0581,-120.7153,3.1608
3.1317,38.6,5.82,1.48,1867,3.02,38.1106,-122.5956,3.3781
5.2978,32.9,5.24,1.39,1442,2.71,38.2967,-123.9594,4.6128
5.9647,7.5,6.97,1.83,727,2.85,33.9628,-120.3657,3.6936
2.3937,26.4,5.38,1.77,260,2.9,40.0403,-115.0837,2.0388
1.736,36.7,4.43,1.39,238,3.36,39.9594,-121.8623,2.7314
1.2819,36.8,3.61,1.04,1169,3.82,34.7545,-122.1936,2.422
4.8022,22.5,5.46,1.78,1923,3.22,35.2423,-114.4078,3.3048
4.5234,49.3,6.54,1.92,1125,3.71,41.4109,-124.045,3.8795
11.493,12.9,8.76,2.33,2405,2.42,40.3439,-116.285,5.0
3.863,28.5,4.54,1.52,241,2.75,39.1291,-121.022,3.451
3.5101,37.5,4.79,1.82,748,2.57,33.2812,-123.9176,2.9551
4.2531,37.8,6.54,2.14,525,3.19,36.4735,-114.9384,3.4561
4.3727,35.5,5.93,1.58,911,2.78,37.8134,-122.8756,3.2337
3.3692,17.9,4.25,1.59,290,3.44,34.2804,-118.6719,2.9168
2.4358,12.3,4.21,1.4,3898,2.44,36.7582,-121.5046,2.2181
3.7555,34.9,4.76,1.53,503,3.03,38.2097,-123.635,3.2249
3.6822,33.2,4.64,1.17,3266,3.41,35.6101,-123.7908,3.1992
3.6512,13.4,5.97,1.67,866,1.76,39.919,-123.1213,3.1778
5.5849,38.1,5.25,1.43,5282,4.27,40.4843,-123.5721,4.4501
3.7203,26.4,6.52,1.93,1169,2.83,35.5743,-116.5423,3.2916
1.7563,36.4,4.72,1.6,3405,1.78,40.4672,-119.3472,2.406
2.648,44.4,5.46,1.28,206,3.09,33.484,-120.8025,3.2135
3.3474,13.0,4.64,1.42,1855,3.02,40.4584,-120.0326,2.9229
3.8123,5.9,5.17,1.7,3000,2.95,33.9511,-114.8247,2.4444
4.8543,41.6,4.77,1.43,381,3.59,33.2878,-115.0103,3.5241
3.828,33.7,4.88,1.58,321,3.45,38.5969,-117.0001,3.1392
1.1801,37.9,4.1,1.37,863,3.18,36.9834,-115.2762,2.1838
1.8667,44.4,5.16,1.58,3456,3.27,41.125,-121.0396,2.5386
5.0255,42.7,5.13,1.49,1138,2.94,35.9503,-120.4127,3.7723
3.2997,50.2,4.69,1.25,1100,4.07,35.2279,-118.0401,3.8308
4.0003,30.2,5.28,1.39,383,2.11,37.257,-117.939,3.636
3.0839,28.0,3.73,1.35,201,3.08,36.8315,-119.3867,2.5003
2.6422,23.9,5.06,1.51,2194,3.04,35.7721,-120.2133,2.7832
3.1431,12.2,4.31,1.34,310,3.49,39.0905,-114.241,2.5157
4.0251,31.9,5.26,1.49,1406,2.49,39.7158,-115.9245,3.4268
3.706,18.0,4.86,1.43,3153,1.95,40.6033,-119.8632,3.0893
5.9447,48.3,5.94,1.84,481,3.09,41.7421,-116.8816,4.8582
1.5831,32.4,3.94,1.24,1513,3.17,35.0332,-121.5505,2.3458
1.6993,32.9,3.85,1.07,298,3.89,39.3029,-123.2783,2.392
3.2795,21.7,4.67,1.55,1311,2.24,36.2455,-120.7052,3.224
4.8826,7.4,5.35,1.54,415,3.69,38.9323,-120.1897,3.4532
5.4301,6.5,6.51,1.81,1798,4.42,37.0218,-124.1313,3.7328
2.698,24.9,5.94,1.93,630,2.77,41.9408,-115.9891,2.8203
0.8346,9.0,3.61,1.22,947,2.23,39.4246,-120.6362,1.61
2.7445,33.5,5.44,1.63,1298,2.76,41.5487,-118.3797,2.8888
4.5308,46.4,4.61,1.24,425,3.01,40.4322,-123.5456,3.7161
3.6701,46.5,5.33,1.53,1824,3.34,41.0776,-122.515,3.2826
4.9747,36.0,5.11,1.61,633,2.65,40.237,-115.2251,3.3804
6.6641,14.9,5.82,1.43,1503,3.93,36.862,-118.0914,3.6521
3.3993,45.6,4.45,1.42,407,2.33,34.892,-114.6071,2.7527
2.9076,46.6,5.7,1.65,1598,1.96,36.018,-114.1127,2.8965
2.2604,14.2,5.12,1.53,365,3.66,32.6922,-120.507,2.2772
1.6942,39.7,4.21,1.5,865,1.64,37.4779,-121.2522,2.4079
1.4652,18.5,2.65,1.08,541,2.88,37.298,-115.5448,0.9425
2.5598,42.7,4.38,1.6,1856,4.87,37.4899,-114.1142,3.1088
6.201,51.9,6.96,1.74,565,2.99,41.7533,-117.8777,5.0
5.2208,6.4,6.27,1.77,2762,2.33,41.1588,-116.1896,3.6485
2.836,47.2,3.23,1.16,2869,2.97,34.0363,-116.3262,3.3911
10.0623,34.3,8.33,2.0,462,2.97,36.0044,-120.6755,5.0
2.6538,50.7,4.54,1.55,1342,3.1,36.5276,-118.4424,3.5853
6.9887,26.9,7.62,2.37,310,3.4,35.9251,-115.8028,4.1719
7.8389,44.8,5.95,1.69,796,2.38,40.0857,-117.2812,5.0
4.6886,7.9,5.68,1.71,1699,4.01,37.4784,-124.0841,2.919
2.5472,20.8,4.64,1.44,1493,3.15,37.9349,-120.8656,2.5446
3.0362,8.1,5.5,1.49,1376,3.44,40.6036,-122.8263,2.8599
4.0757,50.8,6.0,1.43,598,2.62,40.1563,-121.9237,3.8029
1.7195,43.4,4.5,1.29,770,3.77,33.756,-115.064,2.5089
2.1487,45.1,3.65,1.02,330,2.85,39.2822,-123.9237,2.867
2.0557,49.1,2.71,1.3,1723,3.17,36.6366,-122.058,2.4319
4.871,9.0,5.61,1.6,1041,2.44,35.2992,-121.1424,3.2027
6.6312,23.1,7.78,2.0,1680,2.4,32.9752,-118.0078,4.638
5.3257,8.3,7.31,2.1,544,3.41,37.1289,-118.8522,3.4039
6.0756,14.9,7.21,1.77,671,2.73,35.8766,-122.0737,4.4711
2.4343,15.8,4.8,1.35,688,2.49,34.8894,-122.6247,2.8973
3.1084,27.0,5.17,1.54,231,2.61,39.0994,-121.8847,2.4228
3.2332,17.6,4.5,1.55,701,3.42,39.8101,-119.1742,3.1514
4.6791,9.7,5.7,1.72,2151,2.62,34.8255,-121.534,4.0276
2.5974,12.9,5.89,1.72,2931,2.93,32.9698,-114.6345,2.3105
5.8843,11.9,5.78,1.67,1076,3.01,40.5632,-119.5686,4.1251
7.7268,50.7,8.93,2.35,929,1.85,32.5946,-123.7003,5.0
4.8019,40.7,5.62,1.65,238,2.12,41.4026,-116.8615,3.7723
3.0368,50.5,5.88,1.52,2736,3.2,38.4624,-120.9458,3.3358
2.3211,25.7,3.27,1.16,216,2.56,35.5575,-117.6344,1.8668
2.0582,18.1,4.7,1.28,3675,3.63,34.8415,-121.4481,2.2479
1.1864,42.5,3.12,1.14,1006,3.58,32.5856,-118.4784,2.1761
3.2857,20.3,3.84,1.2,702,3.43,34.737,-116.424,2.7792
3.1876,19.1,5.09,1.9,3296,4.09,33.8084,-114.8343,2.8314
5.6997,15.9,7.23,1.94,230,2.95,38.3156,-121.6365,3.7656
2.688,11.1,3.94,1.08,1245,3.39,34.0822,-120.8845,2.1478
3.3836,17.1,3.83,1.25,1155,2.65,37.522,-119.5645,3.4228
4.2863,21.7,5.5,1.68,497,4.47,38.1061,-114.8428,3.0777
4.7618,36.7,5.79,1.91,872,4.19,35.3314,-115.1059,3.5924
5.3669,7.9,6.66,1.74,1468,3.01,32.8331,-123.3832,3.6338
4.068,14.9,6.2,1.5,1759,3.23,32.8539,-122.9543,2.8765
1.7721,43.0,4.02,1.43,201,3.82,32.7503,-119.2458,2.9136
4.5489,11.9,7.21,1.74,3515,2.91,39.5217,-123.2125,3.3248
2.5858,21.1,4.73,1.38,416,2.61,35.5211,-120.7751,2.1686
6.7915,45.6,6.8,1.82,519,3.52,40.0649,-122.7865,4.7956
3.7419,12.3,3.96,1.28,567,3.05,36.6015,-117.8124,2.0708
4.1953,8.9,5.31,1.66,246,3.11,36.8035,-114.6151,2.684
11.985,27.8,9.92,2.38,358,2.5,37.3724,-114.1333,5.0
5.4149,19.2,7.02,1.86,5353,1.97,39.2738,-120.4725,4.0906
4.5065,31.5,6.07,1.71,654,3.14,35.0983,-118.1901,3.2684
3.4363,42.8,4.12,1.35,347,3.54,33.6551,-115.5661,3.2792
1.8505,11.4,4.25,1.36,336,2.86,37.7825,-123.1019,2.6674
3.3076,32.3,5.52,1.67,1725,3.86,35.6063,-117.2664,3.1764
2.3059,28.8,5.61,1.75,2514,2.58,36.7037,-120.1298,2.5002
8.2145,11.8,8.64,2.29,556,2.37,38.646,-122.1973,5.0
4.5374,34.3,6.33,1.83,225,2.96,37.1942,-120.1919,3.1584
6.6643,17.9,7.05,1.67,503,2.95,38.3926,-123.5252,4.4758
2.6476,27.9,4.9,1.49,270,3.46,37.6699,-117.2068,2.3031
2.3952,8.9,5.44,1.66,331,2.54,39.5281,-121.722,2.6982
5.1459,26.6,5.02,1.61,878,3.82,39.2064,-121.1237,4.6592
2.2569,19.4,4.07,1.21,514,4.18,37.5748,-123.065,2.5753
2.917,43.7,4.13,1.23,1071,2.98,38.9496,-115.4805,2.1852
8.4173,7.7,8.35,2.08,551,3.75,40.7988,-119.2669,4.951
2.979,24.7,5.77,1.73,3587,2.37,36.6066,-118.4641,2.7888
1.6476,26.5,3.51,1.36,3037,3.65,36.4212,-118.4918,2.0404
1.3411,39.1,1.89,0.82,1204,3.63,39.7603,-120.113,1.8635
1.5447,32.0,3.6,1.36,725,3.52,38.0343,-122.3362,2.34
6.8666,36.4,7.85,2.09,776,2.99,33.1746,-116.6996,4.1774
2.7358,41.5,5.07,1.5,837,1.23,40.9751,-123.004,2.8459
11.7864,45.5,10.41,2.55,1760,2.61,32.7924,-123.2405,5.0
7.773,19.8,7.44,2.1,921,2.62,39.6098,-117.0565,4.5061
9.4606,30.3,7.65,2.08,2532,2.41,39.7085,-122.1699,5.0
6.1555,44.5,7.11,2.26,3661,3.07,41.5546,-121.1709,4.1286
5.0072,51.5,5.34,1.44,691,2.75,33.0143,-119.4527,4.5983
2.3495,46.8,6.16,1.81,1187,2.51,38.1701,-119.7166,2.681
3.6934,22.5,5.67,1.56,320,2.36,36.5645,-117.0725,2.9583
5.2678,14.2,5.7,1.51,468,2.57,35.641,-117.941,3.6899
5.9608,28.0,6.09,1.72,840,3.67,33.358,-117.7272,3.7921
1.9436,39.9,4.09,1.34,477,2.6,37.8452,-117.0166,2.5085
3.3353,28.2,4.81,1.9,2710,2.69,37.0509,-121.3154,3.1629
3.5407,27.7,6.02,1.68,407,2.73,33.4933,-121.0122,3.4496
3.4673,44.4,5.23,1.38,930,3.2,38.3187,-119.8324,3.5934
2.0834,22.0,3.66,1.27,1317,3.27,39.5106,-121.1639,2.272
8.8818,45.4,9.84,2.16,1613,1.2,39.7891,-114.2536,5.0
3.2764,24.1,5.01,1.49,780,3.61,41.101,-115.9967,3.6579
2.1641,20.4,4.91,1.49,2640,3.86,36.39,-122.6205,2.6957
8.9959,26.3,7.91,2.2,1208,2.37,41.5542,-124.2429,5.0
7.7768,40.8,7.96,2.24,895,2.42,40.7216,-123.8636,5.0
3.9841,10.9,5.64,1.55,284,2.73,35.3168,-121.8106,2.9692
1.335,14.2,2.29,0.94,950,2.55,34.0132,-123.1342,1.7466
2.8709,49.7,6.33,1.65,2263,3.13,36.6362,-118.86,2.7033
1.4819,13.2,4.92,1.32,1344,1.83,36.318,-115.5484,1.7276
4.8156,31.7,5.57,1.66,2342,2.33,37.9693,-116.7851,4.2475
2.7655,32.2,3.78,1.06,1017,3.92,38.0422,-122.1008,2.9732
3.6464,28.0,5.47,1.53,351,2.44,39.6249,-120.2271,2.365
8.5807,35.3,8.22,1.99,216,3.75,37.344,-119.1195,5.0
2.659,15.8,4.88,1.56,634,3.21,33.4958,-116.0359,2.6875
4.7093,31.0,5.98,1.97,1637,1.91,40.6538,-115.741,3.5028
5.4482,22.5,6.67,1.64,2074,3.38,35.4428,-115.0209,3.9413
6.7567,36.1,8.21,1.86,621,2.93,41.7273,-119.1057,4.5504
3.5077,11.6,5.56,1.59,1021,2.73,33.6197,-117.2184,2.5377
3.3172,31.8,4.15,1.33,856,3.15,41.6034,-123.1596,3.6745
3.2764,13.7,6.06,1.74,834,3.28,33.3646,-118.5341,2.5891
4.4752,18.1,7.0,1.83,516,3.42,34.6948,-121.7633,2.7943
7.6068,15.3,10.09,2.49,376,3.71,32.9425,-119.8965,4.8144
3.1976,13.6,4.02,1.36,463,3.24,39.1986,-117.8327,2.5829
0.9125,43.8,3.74,1.4,268,2.17,40.5778,-121.6787,2.6885
5.7638,18.4,4.79,1.17,465,2.72,36.6237,-123.7677,3.9849
3.8331,48.6,5.74,1.59,211,4.77,41.321,-124.1956,3.5581
4.8212,50.6,5.45,1.62,1384,3.43,38.1078,-124.074,4.454
1.5108,31.8,5.45,1.45,656,4.42,38.4851,-124.2148,2.4538
2.7712,11.7,4.04,1.57,4541,3.84,40.5315,-123.1744,2.2138
5.5224,22.6,4.96,1.4,458,3.15,35.3196,-121.8572,4.247
1.8177,42.5,3.71,1.24,709,3.18,35.8655,-122.0435,2.5711
4.7038,22.3,4.24,1.43,732,2.98,41.1065,-114.2347,3.3238
3.6307,9.1,5.78,1.57,210,1.96,41.0592,-121.1787,3.1115
2.4656,31.2,2.83,0.8,2393,3.01,41.7766,-123.0003,2.3018
2.3604,44.7,4.44,1.32,239,3.73,41.0675,-118.7353,2.626
2.0936,42.4,2.59,1.17,3580,2.64,33.71,-115.5488,2.259
3.8224,13.2,5.04,1.46,2872,3.25,40.3254,-117.3838,2.8366
4.0584,36.6,6.75,1.72,1120,3.51,36.3935,-121.28,3.9864
3.0333,15.4,5.11,1.66,1141,2.45,41.9126,-118.5715,2.8106
2.0253,15.3,3.52,1.16,1473,2.73,36.9867,-117.0085,2.3442
4.634,46.1,5.76,1.57,787,2.39,37.7614,-116.8733,3.8026
5.8183,16.7,6.51,1.82,1450,2.51,37.5329,-117.5013,4.2701
5.0731,17.4,6.42,1.9,255,2.23,35.5565,-115.4177,3.6586
9.6622,5.0,7.7,2.4,267,2.46,33.2127,-115.4249,5.0
3.3548,45.9,5.49,1.72,933,3.85,41.0087,-118.3948,3.2754
7.221,42.3,5.17,1.71,1157,2.45,40.1254,-119.9155,4.5695
2.5937,34.5,4.05,1.23,2825,3.08,33.8255,-117.756,2.7062
2.3755,40.3,4.03,1.15,333,2.7,39.8793,-115.9542,2.6443
3.9465,12.1,5.87,1.68,2276,3.71,38.4455,-124.2423,2.9821
8.0563,26.5,7.85,2.09,483,3.79,36.3869,-114.1816,5.0
3.1616,21.5,3.77,1.09,801,3.52,34.9132,-122.4345,2.3046
1.5102,9.4,3.12,1.1,657,3.18,40.6674,-119.5035,1.7101
5.7612,27.8,6.62,1.88,813,2.86,39.1518,-115.4053,4.3767
3.5499,48.3,5.07,1.57,396,2.28,37.7035,-122.0046,3.5974
4.3219,6.9,5.13,1.6,1040,4.17,38.2909,-119.4367,3.0234
2.4413,18.7,4.08,1.36,2141,2.54,33.3651,-122.9477,2.4932
3.9271,14.8,5.91,1.61,899,3.4,37.0022,-120.2702,3.1505
1.628,16.2,3.56,1.14,1009,3.64,34.3402,-122.4932,1.4501
8.9535,47.7,8.3,1.98,2467,2.67,34.4796,-120.591,5.0
6.3173,27.0,8.53,2.47,1669,3.62,38.7824,-120.4907,5.0
3.8348,26.9,4.16,1.33,1009,3.46,41.1569,-114.1697,2.7695
5.6789,40.7,4.93,1.45,558,4.04,36.3357,-114.1529,3.8151
2.5973,12.3,5.19,1.4,2795,2.72,34.4736,-123.1292,2.2789
6.1724,27.9,6.16,2.17,1233,2.23,38.6631,-116.8951,4.161
3.0878,25.2,4.6,1.26,500,2.7,40.7763,-123.7722,2.8167
2.9724,33.1,4.16,1.27,576,3.13,39.609,-123.992,3.1893
2.1695,52.0,4.09,1.38,2150,3.03,40.7532,-123.2256,2.9958
4.6039,41.2,7.04,2.0,254,2.76,37.5973,-114.452,3.9851
3.7477,23.7,5.89,1.82,6008,1.85,39.6428,-114.7032,2.6115
7.3418,43.9,8.09,2.39,368,3.28,33.8306,-122.3219,4.9886
2.037,13.0,3.09,1.19,2108,4.18,35.8086,-122.6509,1.9755
4.6148,6.4,4.85,1.31,803,3.28,36.2007,-121.8465,3.3787
6.6363,14.6,4.71,1.4,1013,3.37,37.3573,-119.0414,3.8289
11.9294,21.0,9.51,2.45,2751,3.34,41.3262,-118.489,5.0
4.0962,29.0,6.22,2.05,839,3.24,40.8058,-122.0397,3.9267
3.0566,33.9,5.25,1.34,1125,3.56,33.778,-116.5824,2.4373
4.0416,47.8,5.25,1.73,261,3.24,34.1415,-121.1426,3.3884
7.0386,29.0,7.21,1.97,203,2.81,35.8976,-114.8943,4.3607
7.0371,28.6,6.67,1.96,537,2.52,35.2621,-117.6014,5.0
3.4742,7.4,5.25,1.53,1570,2.85,38.3403,-119.8492,2.6091
6.9738,6.6,7.8,1.93,355,3.19,41.0764,-116.2429,4.9471
3.6554,30.9,3.9,1.39,345,2.81,41.6418,-115.9573,2.6202
5.6461,25.6,6.63,1.92,835,3.19,38.7092,-121.3371,3.743
4.8954,44.4,6.68,1.98,1452,3.26,40.4625,-120.8349,3.8226
2.9921,12.6,4.46,1.39,1694,3.5,37.4894,-114.7533,2.085
2.2114,6.2,4.89,1.39,436,3.77,34.4791,-122.6196,2.0879
6.7268,26.1,9.29,2.12,300,3.05,37.4845,-123.8701,4.5735
7.7027,16.2,7.54,2.13,3584,2.22,37.7733,-119.6686,4.5026
4.5581,7.3,6.05,1.77,562,2.79,39.5533,-116.1277,3.6071
3.6528,39.1,4.6,1.28,2504,3.03,34.5889,-116.429,3.4962
1.901,10.2,4.29,1.28,2590,1.9,35.9989,-114.9208,2.2333
6.6372,33.6,7.35,1.9,1977,3.83,35.9583,-118.8614,4.6901
4.2878,18.2,5.73,1.42,422,3.09,41.6147,-123.2793,3.5224
3.219,13.2,4.12,1.2,2270,3.23,36.7175,-118.2954,2.3832
5.7291,22.8,6.6,1.65,1960,3.82,39.6734,-116.3604,3.5833
1.7207,42.7,5.2,1.48,1290,2.62,39.6327,-123.3481,2.8244
2.1128,23.4,4.63,1.31,694,3.34,35.0227,-122.5389,1.9914
2.5472,40.3,5.3,1.32,565,2.93,37.9328,-124.1746,2.6695
4.8164,10.9,5.7,1.94,356,2.89,40.9959,-118.2447,3.8233
4.065,41.3,6.04,1.9,1055,2.54,37.0144,-115.2553,4.086
5.1119,16.1,6.29,1.64,1256,4.0,41.4786,-117.4592,3.7461
6.4043,36.8,6.08,1.76,734,2.77,34.5374,-114.2832,4.6519
5.2072,31.6,6.38,1.84,974,3.42,33.2045,-123.6571,3.8408
9.0535,48.7,7.64,2.21,742,1.87,40.9688,-115.0894,5.0
6.3966,23.2,6.33,1.64,1429,3.71,40.553,-115.9965,4.4173
3.4699,8.1,5.23,1.71,2978,3.63,41.9296,-121.0947,3.008
2.7614,5.9,4.89,1.4,415,3.06,38.9542,-114.37,2.3047
3.5259,43.9,4.16,1.13,776,2.86,41.3985,-121.363,3.2992
5.3013,29.7,7.02,2.01,382,3.24,40.356,-115.2291,4.2262
2.9202,41.4,5.21,1.74,1377,4.37,40.5221,-115.3164,2.5305
5.3771,16.0,5.66,2.02,1766,1.94,37.9068,-116.5719,3.3521
5.0637,21.2,4.81,1.28,3424,3.47,36.1325,-118.5526,3.1147
2.1947,6.4,4.2,1.45,592,2.45,41.3783,-123.076,2.3514
6.3347,50.2,6.44,1.73,3800,2.99,36.6051,-118.8739,4.1946
4.475,36.4,5.78,1.77,278,2.85,37.6188,-120.6607,3.4419
8.8227,48.9,8.0,1.88,1309,2.74,36.7381,-116.2194,5.0
3.6621,17.5,3.59,1.03,271,2.99,37.8658,-116.5671,2.7041
3.1419,33.7,4.57,1.3,2891,2.32,36.9698,-115.0118,2.2753
2.0475,36.9,3.98,1.31,1106,3.62,32.9557,-124.1487,2.5439
2.0305,19.9,4.73,1.35,1528,1.92,40.8795,-116.0471,2.7203
5.9468,44.9,6.01,1.8,2338,3.32,36.7217,-114.7277,4.2353
8.3588,49.5,9.36,2.53,395,2.8,38.095,-116.2491,5.0
3.4997,46.6,3.57,1.3,247,2.3,33.8223,-122.972,3.7548
3.3804,39.7,6.08,1.96,2733,3.12,32.5322,-123.471,3.4816
3.8392,18.0,5.12,1.59,654,2.07,34.8303,-124.0874,3.1933
6.5595,18.2,7.62,1.84,366,3.02,39.1936,-117.8868,4.3764
2.2051,50.3,4.39,1.58,958,2.15,33.4423,-117.8773,2.9496
4.1902,5.5,6.43,1.69,1294,3.28,41.1344,-114.2335,2.8571
6.0166,38.7,6.3,1.9,238,2.45,34.5427,-120.24,3.6826
4.7858,38.2,4.99,1.73,586,2.73,34.4436,-120.9146,3.8932
0.7881,34.3,4.61,1.49,240,3.18,34.2243,-117.9309,1.4639
5.2206,51.5,6.04,1.48,854,2.54,32.6328,-115.8788,3.6786
4.8099,19.7,6.06,1.57,2906,2.97,39.8322,-114.7449,3.4137
7.2171,21.0,8.32,2.36,5065,2.09,40.8128,-116.1081,4.6045
8.0132,8.7,6.98,1.87,1416,3.38,38.3345,-119.9479,4.2987
7.0302,25.8,7.69,2.05,412,4.06,34.2879,-117.8239,4.5907
3.8501,17.3,4.84,1.58,3035,4.68,35.2101,-115.5657,3.0757
1.4754,21.1,3.78,1.36,1071,3.05,37.0213,-119.2958,1.5819
3.3676,44.2,5.08,1.56,400,3.47,41.5663,-122.0898,3.8286
3.7862,49.0,4.07,1.28,3257,1.93,34.8498,-122.5688,2.9019
8.3034,13.7,7.36,1.92,1900,3.9,39.4506,-124.2984,5.0
2.4544,22.5,5.55,1.74,1779,3.47,36.6748,-116.974,2.2804
1.7477,48.6,4.76,1.53,1682,2.71,35.3295,-123.1668,2.7081
2.9303,7.9,4.71,1.4,468,3.74,36.8312,-121.8128,1.8555
2.5259,9.3,4.71,1.6,484,2.85,33.1765,-121.2617,2.2836
1.6596,12.7,3.76,1.23,1599,2.73,40.0875,-118.5841,2.0542
3.5399,33.0,6.21,1.61,498,3.29,34.8114,-120.2408,3.1593
3.8643,12.1,5.16,1.42,893,2.36,39.3914,-117.4183,2.7768
1.6093,50.5,4.15,1.18,2028,3.61,33.1493,-123.7325,2.1949
3.1315,26.0,5.8,1.62,2039,2.37,41.5734,-123.0358,3.5007
2.4408,28.6,3.84,1.45,925,2.37,34.3336,-119.208,2.4788
1.2525,16.6,5.0,1.38,2085,2.45,40.886,-120.863,2.5789
3.9307,27.1,4.13,1.36,2389,3.46,40.19,-121.2827,3.0229
4.1362,36.1,6.79,1.76,1476,2.63,41.6947,-123.6163,3.6193
2.4411,40.3,4.17,1.29,511,2.19,37.04,-115.1637,2.9117
6.3056,40.4,6.59,1.59,584,2.64,39.4103,-117.2435,3.9527
3.7419,32.2,3.73,1.21,654,2.98,36.0218,-123.0595,2.7772
2.5029,47.5,4.14,1.3,349,2.29,34.2515,-123.6365,3.3395
1.5559,43.4,3.1,1.2,583,2.31,36.7092,-114.3563,1.7735
4.2525,40.6,5.07,1.55,482,4.27,34.0746,-117.352,2.7378
4.804,7.6,5.77,1.47,929,2.48,41.8294,-120.0419,4.1239
2.8437,5.3,5.47,1.76,3069,2.81,33.4143,-117.1423,1.7752
3.9964,15.0,5.56,1.64,332,2.78,38.0975,-116.5854,3.1023
8.013,36.2,8.05,2.14,1729,2.75,38.4514,-116.3444,5.0
5.7988,24.3,5.6,1.62,1595,3.37,37.6118,-119.4257,2.9821
1.0643,23.9,2.93,1.01,321,3.57,38.7908,-119.9152,1.7505
2.4875,46.6,5.93,1.72,3270,2.82,33.6037,-124.1875,3.1385
3.4496,47.1,4.48,1.47,1209,2.26,37.7727,-114.8491,3.2808
3.853,47.7,6.64,1.57,743,3.76,35.2285,-118.1463,3.8166
4.042,19.8,5.23,1.47,1895,2.94,41.4317,-122.2278,3.1733
4.6465,37.5,5.79,1.62,557,4.04,39.7397,-114.92,3.845
3.5107,17.8,5.96,1.73,1619,1.65,41.7389,-114.9677,2.7055
3.7371,14.0,6.26,1.93,249,3.12,32.8568,-114.2103,2.2733
5.9547,13.7,6.48,1.68,2395,4.15,35.2088,-115.3846,3.2684
4.2963,21.1,5.27,1.48,913,2.79,34.3565,-114.1226,2.5673
1.9413,25.2,4.12,1.25,1415,2.86,32.606,-121.8042,2.6074
3.9175,44.1,5.62,1.5,500,3.18,34.8021,-115.7091,2.8108
3.4547,10.6,5.79,1.61,1556,2.66,38.9484,-115.9051,2.8374
1.2475,39.5,3.75,1.37,1975,2.81,34.6953,-121.9444,2.0861
4.0236,30.0,5.91,1.52,969,2.8,37.3355,-123.2959,3.4445
2.0791,18.5,5.56,1.68,1354,2.62,40.9343,-114.3099,2.7353
6.0005,28.2,6.91,1.63,931,3.74,39.0907,-121.2805,4.1424
4.6122,19.1,6.02,1.62,2894,3.28,36.249,-115.4169,3.4666
1.8846,33.0,2.92,1.03,1027,3.15,36.0385,-124.2579,2.4134
5.8602,25.4,4.41,1.63,2413,3.49,36.8295,-124.0855,3.9617
7.2777,12.7,7.68,1.99,2139,2.84,34.1819,-119.5481,5.0
3.2346,10.5,4.86,1.14,834,2.54,38.523,-121.8651,2.2816
3.444,30.7,4.65,1.13,514,2.64,35.9595,-117.2636,3.4252
5.5663,47.4,6.53,1.81,825,3.0,40.5975,-118.5312,4.5723
6.9969,21.2,7.15,2.02,2300,2.36,39.6873,-123.5096,4.5477
1.4227,39.5,4.76,1.51,510,2.7,38.2999,-122.6412,3.0217
2.0029,36.0,4.27,1.38,1092,2.69,35.9599,-120.3419,1.8364
2.9606,48.8,4.18,1.51,2168,4.27,34.4944,-122.4068,2.8291
3.1335,43.6,5.67,1.55,723,1.34,39.8734,-116.2193,2.7692
5.4839,31.6,6.12,1.86,1433,2.89,37.1209,-120.0561,4.1481
7.0157,35.9,7.63,1.78,538,4.04,34.6351,-123.347,4.4675
7.2881,47.2,6.99,1.76,339,3.07,34.3542,-119.3597,5.0
1.4049,23.8,3.32,0.89,2098,3.45,34.0713,-123.3735,1.9352
2.3664,20.4,4.49,1.36,325,3.06,39.883,-122.9848,2.411
1.8394,5.5,4.11,1.32,580,2.6,34.6754,-121.856,2.1181
2.6738,43.8,4.99,1.51,2518,1.65,37.5031,-115.5328,2.7395
2.3612,42.6,4.2,1.35,710,3.12,36.7897,-114.869,2.1918
4.605,9.9,4.29,1.22,4536,2.53,38.0063,-115.8722,4.0199
4.8943,32.1,5.59,1.59,4879,2.52,40.833,-120.8924,3.6096
3.7126,26.8,5.86,1.45,575,2.7,40.7436,-121.521,2.5528
3.5299,10.6,4.88,1.68,250,4.05,36.7852,-118.6986,2.4127
3.0283,51.1,4.62,1.38,1665,4.44,32.646,-116.9371,2.4753
3.2192,15.1,5.72,1.57,920,3.13,36.5512,-114.1676,2.8891
7.9662,8.2,7.21,2.18,327,2.72,38.2588,-122.958,5.0
5.2693,33.0,4.93,1.3,1675,2.29,37.7988,-123.7972,4.1509
3.0894,39.7,4.73,1.28,238,3.28,38.6877,-117.2176,2.8624
3.4943,6.5,4.71,1.28,2650,4.07,33.9637,-115.8113,2.3484
4.66,36.0,5.02,1.49,379,2.85,38.6421,-115.6672,3.4451
1.8843,30.0,3.99,1.36,363,1.57,34.2352,-117.3797,2.2302
3.9884,9.9,5.79,1.77,432,3.4,39.63,-114.569,3.2047
5.1202,13.1,6.06,2.1,4071,3.59,35.7213,-119.0878,3.537
4.7852,31.7,6.12,1.39,1618,2.05,39.244,-114.9791,3.8302
2.3912,18.9,5.89,1.77,2140,3.11,32.9547,-114.4283,2.4004
2.6311,49.1,4.3,1.28,808,3.27,36.3747,-115.659,3.1119
1.1774,43.5,3.93,1.2,692,2.96,39.1978,-121.1405,2.4181
5.4007,51.2,5.83,1.57,521,2.53,34.6553,-122.2986,4.4309
9.7279,17.2,8.16,2.0,986,3.61,40.0552,-118.7092,5.0
2.2153,50.6,3.86,1.52,1163,2.76,38.4924,-119.6792,2.5456
6.3786,25.3,6.44,1.92,1399,2.11,38.0818,-115.3469,3.918
9.276,21.3,8.85,2.27,557,1.77,35.8587,-123.2797,5.0
2.872,7.4,6.6,2.02,3763,3.76,37.0833,-121.6711,2.6041
3.4968,7.5,4.53,1.18,423,3.37,38.1748,-116.6317,1.9844
4.2234,37.5,5.2,1.34,4245,3.05,36.9884,-123.3311,3.7102
4.7068,26.5,5.77,1.33,218,2.74,39.134,-121.0282,3.6617
4.3424,15.6,5.92,1.58,987,2.68,36.6201,-120.351,3.6963
2.9922,33.9,5.01,1.53,687,2.35,34.4216,-117.9495,2.6026
5.0791,16.9,7.07,1.93,915,2.74,34.5324,-122.687,3.6581
3.029,32.1,2.88,1.1,1215,1.73,32.5551,-115.5218,2.9757
4.4973,21.9,3.79,1.05,886,2.56,35.3591,-119.7351,3.7612
3.643,43.7,4.79,1.58,843,2.81,39.6147,-114.9464,2.9931
1.3313,43.6,4.68,1.47,1783,3.37,40.0445,-119.5277,2.4234
6.8645,27.4,5.87,1.78,1590,2.98,34.4234,-121.4946,4.5903
2.6689,21.5,2.2,0.8,2350,3.48,41.6109,-122.8533,2.6714
7.2196,22.0,7.79,2.1,545,3.81,37.2728,-124.2618,4.7289
6.2476,42.9,6.94,1.71,1328,3.63,41.2113,-118.872,5.0
4.1577,20.4,4.62,1.36,1256,3.28,39.2143,-123.207,2.6468
4.8337,14.8,5.11,1.6,754,3.01,39.3631,-120.3044,3.325
5.1382,9.0,5.31,1.58,999,2.41,33.3079,-118.2894,3.5237
3.3287,26.9,5.09,1.39,652,3.44,34.5899,-121.488,3.1151
3.4126,27.7,4.55,1.41,384,4.01,32.5837,-122.5127,3.404
5.0097,44.5,6.4,1.55,489,3.21,39.3032,-116.3978,4.3959
3.6635,15.4,2.91,1.26,334,4.15,35.7722,-114.6427,2.4521
2.9974,22.9,4.11,1.29,1579,2.08,39.9732,-123.2755,3.3347
2.4118,43.0,3.55,1.38,1497,2.31,35.7199,-122.713,2.5264
4.5658,43.7,5.53,1.53,3810,3.51,40.2837,-114.5079,3.9196
2.6223,23.1,4.14,1.25,1770,3.16,33.7416,-123.9146,3.2107
5.7049,26.6,7.06,1.8,264,3.79,34.147,-114.3282,4.281
5.9547,19.3,5.09,1.65,2788,2.99,35.7383,-124.2526,4.0482
4.8144,48.8,5.93,1.58,2582,2.48,36.3806,-115.3886,3.7019
5.3416,10.6,6.65,1.93,903,2.87,35.8127,-121.1653,3.1512
4.8218,48.9,7.38,1.92,1258,2.08,39.7546,-114.7264,4.12
5.5387,37.1,5.94,1.39,4680,2.32,33.421,-121.0672,3.6424
5.4174,30.0,6.51,1.72,1112,3.58,35.8366,-117.6261,3.5924
4.4393,6.5,4.22,1.17,3029,3.52,40.4538,-123.4837,2.7671
6.2885,27.4,4.86,1.48,304,3.22,33.1346,-121.8282,4.018
3.391,24.2,5.71,1.46,454,1.97,41.4523,-116.4085,3.0241
2.451,12.6,4.47,1.53,897,2.78,41.87,-118.9074,2.4998
2.3848,35.9,5.37,1.56,1255,2.27,33.3414,-114.8347,2.3072
3.1337,50.6,3.78,1.23,2233,3.71,35.2671,-119.9267,3.4313
1.2388,31.4,4.16,1.43,5534,2.65,36.0378,-115.4279,1.7769
4.1364,38.6,6.98,2.04,791,2.35,39.8757,-119.7207,3.406
5.1735,8.2,6.44,1.78,258,3.02,38.1613,-114.3117,3.498
5.9113,24.6,6.77,1.74,2138,2.62,38.6215,-114.5097,4.6843
1.4705,10.5,3.89,1.01,1313,3.89,39.6963,-120.9428,2.0228
2.426,33.8,3.2,1.04,466,2.56,33.6208,-115.2636,2.2517
5.6162,49.1,7.45,1.9,1019,2.16,40.4155,-115.6544,3.8634
3.335,36.1,4.51,1.42,1827,1.71,39.2034,-122.1511,3.1292
5.1136,8.6,6.47,1.74,1966,2.98,37.9847,-117.9322,3.5588
1.8341,21.7,2.85,1.17,1031,2.66,40.9525,-123.5586,2.1577
7.1755,30.9,6.36,1.68,637,2.14,39.1529,-115.7656,4.1065
1.7594,24.0,5.2,1.53,4568,3.71,34.4161,-122.5196,1.8942
4.074,44.2,5.17,1.71,1506,3.4,36.5826,-123.5777,4.1135
4.1287,43.3,6.64,1.88,830,2.98,37.1934,-120.2178,4.167
2.83,33.8,4.64,1.42,595,3.82,33.0246,-118.4154,2.3629
4.7272,22.6,4.36,1.28,1776,3.4,41.5691,-115.5798,3.6014
4.7962,17.0,6.59,1.72,533,2.51,33.7215,-114.3627,2.9225
4.5322,10.0,5.25,1.42,426,2.38,39.1259,-119.8172,3.7968
2.8027,21.7,5.24,1.47,1106,3.49,37.3092,-123.6834,2.859
2.5226,24.4,4.53,1.52,611,3.24,32.7435,-116.659,2.6877
2.9631,36.8,3.54,1.18,1390,3.1,41.2851,-118.5352,2.2803
2.3438,35.9,4.54,1.21,351,2.49,40.5924,-119.7315,2.9904
6.4378,8.3,8.62,2.49,1477,3.36,37.4805,-121.1455,4.2406
3.0995,23.6,5.25,1.6,600,2.55,34.675,-119.1755,3.0789
4.0138,13.5,5.36,1.36,200,2.94,33.6554,-120.8455,3.377
5.6045,12.4,7.22,1.88,363,3.87,35.9522,-116.5785,3.7308
2.2838,43.9,4.54,1.42,3455,2.6,34.9266,-118.7523,2.4169
1.7208,7.0,4.2,1.6,2624,2.06,37.3136,-115.3562,2.0586
2.3481,24.7,3.54,1.04,519,2.37,41.6809,-118.7559,2.4876
4.2426,12.9,5.73,1.79,2008,3.6,37.9621,-121.8697,2.9003
4.0945,46.3,6.29,1.97,1326,3.15,40.9543,-115.6189,3.2621
4.5278,31.2,5.05,1.42,4445,2.92,38.6833,-118.6164,2.9418
3.502,15.9,6.24,1.71,761,2.69,37.0148,-122.1902,2.8573
0.9053,28.6,3.47,1.04,1573,3.29,40.6188,-117.9402,2.2385
3.444,39.4,4.36,1.34,279,2.49,36.978,-120.6513,3.2648
5.9891,50.0,7.39,1.97,806,3.18,40.752,-115.6871,4.3454
6.7849,15.4,6.84,1.97,4183,2.56,35.27,-119.6763,4.5503
3.8769,46.7,5.93,1.85,1129,2.46,33.7237,-116.8903,3.109
4.1024,48.9,5.23,1.43,607,2.62,40.6255,-123.3255,3.8621
5.0647,48.1,5.99,1.4,354,2.77,38.0804,-120.2606,4.0759
6.6863,34.9,7.41,1.98,1659,2.97,40.9464,-114.2709,4.8226
3.701,34.6,5.45,1.63,1442,3.14,41.4094,-116.0537,2.6613
5.0286,24.0,4.42,1.42,762,1.2,33.0095,-122.6686,3.3633
2.7379,40.4,3.75,1.2,3818,2.52,37.2592,-121.4668,2.2638
1.8544,30.0,4.86,1.49,227,2.77,36.0622,-120.9359,2.3157
2.8915,36.8,4.63,1.65,634,3.9,38.4457,-117.6663,3.2388
7.4735,25.1,7.07,1.97,3247,2.35,40.0391,-116.5787,4.5748
5.0807,39.4,4.96,1.44,664,3.1,35.1656,-116.6548,3.5667
1.9469,43.8,3.3,1.09,549,3.9,37.7896,-119.0993,2.781
5.2019,11.9,4.5,1.38,1117,2.21,39.2329,-116.0296,3.8133
2.0256,44.1,4.13,1.57,2283,3.24,33.7771,-119.8418,2.4598
4.4957,30.4,5.22,1.52,331,2.52,40.2336,-123.0364,3.9439
2.2378,44.7,3.57,1.21,3638,2.7,38.258,-118.5427,2.2293
1.8893,25.3,4.08,1.24,2102,2.52,41.5206,-114.5865,2.6743
8.119,22.8,8.16,2.3,440,2.56,35.7255,-116.2115,5.0
3.0983,48.0,6.53,2.1,1694,4.63,33.5274,-118.3973,3.2547
5.0335,16.8,4.81,1.53,783,3.51,37.3118,-117.7026,2.6964
3.7809,44.7,6.2,1.75,818,3.66,33.3152,-114.8083,3.0486
2.1105,27.7,5.04,1.51,2035,3.3,41.7105,-119.9309,2.7346
3.2726,29.2,4.34,1.01,4149,2.04,32.8675,-120.9198,2.7116
2.1202,19.5,4.43,1.5,363,3.24,39.6583,-114.3321,2.6245
11.1382,31.9,9.32,2.38,855,3.64,37.4885,-115.4929,5.0
5.4969,20.3,6.45,1.85,987,2.49,36.0019,-121.005,3.6497
3.7442,6.8,6.45,1.68,767,3.58,33.1255,-119.5694,2.8398
4.8963,17.8,6.42,1.73,742,3.42,38.4106,-120.0662,3.2863
5.3165,5.3,6.6,1.76,264,4.11,38.0596,-122.7792,3.5932
5.3237,51.0,5.85,1.82,1588,2.75,35.1684,-114.5302,3.811
5.2079,50.4,4.94,1.43,888,2.34,41.1471,-120.176,4.6246
5.0055,23.6,5.84,1.98,460,2.78,35.389,-115.3716,4.2428
3.9038,39.2,6.31,1.83,2232,3.86,36.7724,-122.3686,2.9779
7.7964,21.3,6.46,1.6,2147,1.9,37.6657,-118.7117,4.1823
4.0338,36.5,4.58,1.4,1000,1.76,33.4522,-124.0556,3.3832
3.8008,42.9,5.38,1.48,625,3.05,41.3555,-116.505,2.8819
